Service,Vessel Name,PIC,Port Code,Terminal,Proforma Window,Voy.No,ETA,ETB,ETD,Port Stay(h),Delay,Man In(h),Wait(h),LTM ETA,LTM ETD,Distance(nm),Speed(kn)
SCT3,CUL HAIPHONG,Leah Liu,CNSWA,"Shekou, CN",SAT 1400 - SUN 0000,2618E,2026-05-17 12:00,2026-05-17 13:00,2026-05-17 23:00,10,Delay 22h,1,0,2026-05-16 14:00,2026-05-17 00:00,230,15.3
SCT3,CUL HAIPHONG,Leah Liu,CNNAS,"Nansha, CN",SUN 1800 - MON 0200,2618E,2026-05-18 14:00,2026-05-18 17:00,2026-05-19 01:00,8,Delay 20h,3,0,2026-05-17 18:00,2026-05-18 02:00,30,3.8
SCT3,CUL HAIPHONG,Leah Liu,CNSHK,"Hong Kong, CN",MON 1200 - MON 2000,2618E,2026-05-19 09:00,2026-05-19 12:00,2026-05-19 20:00,8,Delay 21h,3,0,2026-05-18 12:00,2026-05-18 20:00,517,14.8
SCT3,CUL HAIPHONG,Leah Liu,TWKEL,"Keelung, TW",WED 1500 - THU 0300,2619W,2026-05-21 07:00,2026-05-21 08:00,2026-05-21 20:00,12,Delay 16h,1,0,2026-05-20 15:00,2026-05-21 03:00,123,10.3
SCT3,CUL HAIPHONG,Leah Liu,TWTXG,"Taichung, TW",THU 1400 - THU 2200,2619W,2026-05-22 08:00,2026-05-22 09:00,2026-05-22 17:00,8,Delay 18h,1,0,2026-05-21 14:00,2026-05-21 22:00,170,15.5
SCT3,CUL HAIPHONG,Leah Liu,TWKHH,"Kaohsiung, TW",FRI 1000 - FRI 2000,2619W,2026-05-23 04:00,2026-05-23 05:00,2026-05-23 15:00,10,Delay 18h,1,0,2026-05-22 10:00,2026-05-22 20:00,209,13.9
SCT3,CUL HAIPHONG,Leah Liu,CNSWA,"Shekou, CN",SAT 1400 - SUN 0000,2619E,2026-05-24 06:00,2026-05-24 07:00,2026-05-24 17:00,10,Delay 16h,1,0,2026-05-23 14:00,2026-05-24 00:00,230,15.3
SCT3,CUL HAIPHONG,Leah Liu,CNNAS,"Nansha, CN",SUN 1800 - MON 0200,2619E,2026-05-25 08:00,2026-05-25 11:00,2026-05-25 19:00,8,Delay 14h,3,0,2026-05-24 18:00,2026-05-25 02:00,30,3.8
SCT3,CUL HAIPHONG,Leah Liu,CNSHK,"Hong Kong, CN",MON 1200 - MON 2000,2619E,2026-05-26 03:00,2026-05-26 06:00,2026-05-26 14:00,8,Delay 15h,3,0,2026-05-25 12:00,2026-05-25 20:00,517,14.8
SCT3,CUL HAIPHONG,Leah Liu,TWKEL,"Keelung, TW",WED 1500 - THU 0300,2620W,2026-05-28 01:00,2026-05-28 02:00,2026-05-28 14:00,12,Delay 10h,1,0,2026-05-27 15:00,2026-05-28 03:00,123,10.3
SCT3,CUL HAIPHONG,Leah Liu,TWTXG,"Taichung, TW",THU 1400 - THU 2200,2620W,2026-05-29 02:00,2026-05-29 03:00,2026-05-29 11:00,8,Delay 12h,1,0,2026-05-28 14:00,2026-05-28 22:00,170,15.5
SCT3,CUL HAIPHONG,Leah Liu,TWKHH,"Kaohsiung, TW",FRI 1000 - FRI 2000,2620W,2026-05-29 22:00,2026-05-29 23:00,2026-05-30 09:00,10,Delay 12h,1,0,2026-05-29 10:00,2026-05-29 20:00,209,13.9
SCT3,CUL HAIPHONG,Leah Liu,CNSWA,"Shekou, CN",SAT 1400 - SUN 0000,2620E,2026-05-31 00:00,2026-05-31 01:00,2026-05-31 11:00,10,Delay 10h,1,0,2026-05-30 14:00,2026-05-31 00:00,230,15.3
SCT3,CUL HAIPHONG,Leah Liu,CNNAS,"Nansha, CN",SUN 1800 - MON 0200,2620E,2026-06-01 02:00,2026-06-01 05:00,2026-06-01 13:00,8,Delay 8h,3,0,2026-05-31 18:00,2026-06-01 02:00,30,3.8
SCT3,CUL HAIPHONG,Leah Liu,CNSHK,"Hong Kong, CN",MON 1200 - MON 2000,2620E,2026-06-01 21:00,2026-06-02 00:00,2026-06-02 08:00,8,Delay 9h,3,0,2026-06-01 12:00,2026-06-01 20:00,517,14.8
NSCT1,CUL HUANGPU,Simon Shi,TWKEL,"Keelung, TW",SUN0600-SUN1600,2618W,2026-05-13 01:00,2026-05-13 11:36,2026-05-13 23:36,12,Delay 73h,1,9.6,2026-05-10 00:00,2026-05-10 10:00,139,18.7837837837838
NSCT1,CUL HUANGPU,Simon Shi,TWTXG,"Taichung, TW",MON0300 -MON0900,,2026-05-14 07:00,2026-05-14 08:00,2026-05-14 12:18,4.3,Delay 82h,1,0,2026-05-10 21:00,2026-05-11 03:00,123,13.5164835164835
NSCT1,CUL HUANGPU,Simon Shi,TWKHH,"Kaohsiung, TW",MON2000-TUE0200,,2026-05-14 21:24,2026-05-14 22:24,2026-05-15 03:00,4.6,Delay 79.4h,1,0,2026-05-11 14:00,2026-05-11 20:00,368,14.72
NSCT1,CUL HUANGPU,Simon Shi,CNNAS,"Nansha, CN",WED0900-WED2000,2618E,2026-05-16 04:00,2026-05-16 07:00,2026-05-16 18:00,11,Delay 73h,3,0,2026-05-13 03:00,2026-05-13 14:00,20,10
NSCT1,CUL HUANGPU,Simon Shi,CNGCT,"Guangzhou, CN",THU0000-THU0600,,2026-05-16 20:00,2026-05-16 21:00,2026-05-17 02:00,5,Delay 74h,1,0,2026-05-13 18:00,2026-05-14 00:00,20,10
NSCT1,CUL HUANGPU,Simon Shi,CNHMN,"Humen, CN",THU1000-THU1600,,2026-05-17 04:00,2026-05-17 05:00,2026-05-17 10:00,5,Delay 72h,1,0,2026-05-14 04:00,2026-05-14 10:00,30,7.5
NSCT1,CUL HUANGPU,Simon Shi,CNSHK,"Hong Kong, CN",THU2300-FRI1300,,2026-05-17 14:00,2026-05-17 16:00,2026-05-18 06:00,14,Delay 69h,2,0,2026-05-14 17:00,2026-05-15 07:00,525,13.8157894736842
NSCT1,CUL HUANGPU,Simon Shi,TWKEL,"Keelung, TW",SUN0600-SUN1600,2619W,2026-05-19 20:00,2026-05-19 21:00,2026-05-20 07:00,10,Delay 74h,1,0,2026-05-16 18:00,2026-05-17 04:00,139,13.9
NSCT1,CUL HUANGPU,Simon Shi,TWTXG,"Taichung, TW",MON0300 -MON0900,,2026-05-20 17:00,2026-05-20 18:00,2026-05-21 00:00,6,Delay 74h,1,0,2026-05-17 15:00,2026-05-17 21:00,123,12.3
NSCT1,CUL HUANGPU,Simon Shi,TWKHH,"Kaohsiung, TW",MON2000-TUE0200,,2026-05-21 10:00,2026-05-21 11:00,2026-05-21 17:00,6,Delay 74h,1,0,2026-05-18 08:00,2026-05-18 14:00,368,13.1428571428571
NSCT1,CUL HUANGPU,Simon Shi,CNNAS,"Nansha, CN",WED0900-WED2000,2619E,2026-05-22 21:00,2026-05-23 00:00,2026-05-23 11:00,11,Delay 72h,3,0,2026-05-19 21:00,2026-05-20 08:00,20,10
NSCT1,CUL HUANGPU,Simon Shi,CNGCT,"Guangzhou, CN",THU0000-THU0600,,2026-05-23 13:00,2026-05-23 14:00,2026-05-23 19:00,5,Delay 73h,1,0,2026-05-20 12:00,2026-05-20 18:00,20,10
NSCT1,CUL HUANGPU,Simon Shi,CNHMN,"Humen, CN",THU1000-THU1600,,2026-05-23 21:00,2026-05-23 22:00,2026-05-24 03:00,5,Delay 71h,1,0,2026-05-20 22:00,2026-05-21 04:00,30,7.5
NSCT1,CUL HUANGPU,Simon Shi,CNSHK,"Hong Kong, CN",THU2300-FRI1300,,2026-05-24 07:00,2026-05-24 09:00,2026-05-24 23:00,14,Delay 68h,2,0,2026-05-21 11:00,2026-05-22 01:00,525,13.8157894736842
NSCT1,CUL HUANGPU,Simon Shi,TWKEL,"Keelung, TW",SUN0600-SUN1600,2620W,2026-05-26 13:00,2026-05-26 14:00,2026-05-27 00:00,10,Delay 73h,1,0,2026-05-23 12:00,2026-05-23 22:00,139,13.9
NSCT1,CUL HUANGPU,Simon Shi,TWTXG,"Taichung, TW",MON0300 -MON0900,,2026-05-27 10:00,2026-05-27 11:00,2026-05-27 17:00,6,Delay 73h,1,0,2026-05-24 09:00,2026-05-24 15:00,123,12.3
NSCT1,CUL HUANGPU,Simon Shi,TWKHH,"Kaohsiung, TW",MON2000-TUE0200,,2026-05-28 03:00,2026-05-28 04:00,2026-05-28 10:00,6,Delay 73h,1,0,2026-05-25 02:00,2026-05-25 08:00,368,13.1428571428571
NSCT1,CUL HUANGPU,Simon Shi,CNNAS,"Nansha, CN",WED0900-WED2000,2620E,2026-05-29 14:00,2026-05-29 17:00,2026-05-30 04:00,11,Delay 71h,3,0,2026-05-26 15:00,2026-05-27 02:00,20,10
NSCT1,CUL HUANGPU,Simon Shi,CNGCT,"Guangzhou, CN",THU0000-THU0600,,2026-05-30 06:00,2026-05-30 07:00,2026-05-30 12:00,5,Delay 72h,1,0,2026-05-27 06:00,2026-05-27 12:00,20,10
NSCT1,CUL HUANGPU,Simon Shi,CNHMN,"Humen, CN",THU1000-THU1600,,2026-05-30 14:00,2026-05-30 15:00,2026-05-30 20:00,5,Delay 70h,1,0,2026-05-27 16:00,2026-05-27 22:00,30,7.5
NSCT1,CUL HUANGPU,Simon Shi,CNSHK,"Hong Kong, CN",THU2300-FRI1300,,2026-05-31 00:00,2026-05-31 02:00,2026-05-31 16:00,14,Delay 67h,2,0,2026-05-28 05:00,2026-05-28 19:00,525,13.8157894736842
HDT,CUL XIAMEN,Simon Shi,TWTPE,"Taipei, TW",SAT0000 - SAT0700,2615W,2026-05-09 22:00,2026-05-09 23:00,2026-05-10 03:48,4.8,Delay 190h,1,0,2026-05-02 00:00,2026-05-02 07:00,215,11.1979166666667
HDT,CUL XIAMEN,Simon Shi,TWKHH,"Kaohsiung, TW",SUN0000 - SUN1100,,2026-05-10 23:00,2026-05-11 00:00,2026-05-11 12:00,12,Delay 191h,1,0,2026-05-03 00:00,2026-05-03 11:00,139,14.7872340425532
HDT,CUL XIAMEN,Simon Shi,TWTXG,"Taichung, TW",SUN2200 - MON0900,,2026-05-11 21:24,2026-05-11 22:24,2026-05-12 10:24,12,Delay 191.4h,1,0,2026-05-03 22:00,2026-05-04 09:00,380,14.84375
HDT,CUL XIAMEN,Simon Shi,CNNGB,"Ningbo, CN",TUE1500 - WED1100,2616E,2026-05-13 12:00,2026-05-14 21:00,2026-05-15 12:00,15,Delay 21h,3,30,2026-05-12 15:00,2026-05-13 11:00,186,13.2857142857143
HDT,CUL XIAMEN,Simon Shi,CNSHA,"Shanghai, CN",THU0600 - THU1700,,2026-05-16 02:00,2026-05-16 19:00,2026-05-17 06:00,11,Delay 44h,5,12,2026-05-14 06:00,2026-05-14 17:00,428,13.375
HDT,CUL XIAMEN,Simon Shi,TWTPE,"Taipei, TW",SAT0000 - SAT0700,2616W,2026-05-18 14:00,2026-05-18 15:00,2026-05-18 22:00,7,Delay 62h,1,0,2026-05-16 00:00,2026-05-16 07:00,215,14.3333333333333
HDT,CUL XIAMEN,Simon Shi,TWKHH,"Kaohsiung, TW",SUN0000 - SUN1100,,2026-05-19 13:00,2026-05-19 14:00,2026-05-19 23:00,9,Delay 61h,1,0,2026-05-17 00:00,2026-05-17 11:00,139,15.4444444444444
HDT,CUL XIAMEN,Simon Shi,TWTXG,"Taichung, TW",SUN2200 - MON0900,,2026-05-20 08:00,2026-05-20 09:00,2026-05-20 19:00,10,Delay 58h,1,0,2026-05-17 22:00,2026-05-18 09:00,380,13.5714285714286
HDT,CUL XIAMEN,Simon Shi,CNNGB,"Ningbo, CN",TUE1500 - WED1100,2617E,2026-05-21 23:00,2026-05-22 02:00,2026-05-23 00:00,22,Delay 56h,3,0,2026-05-19 15:00,2026-05-20 11:00,186,13.2857142857143
HDT,CUL XIAMEN,Simon Shi,CNSHA,"Shanghai, CN",THU0600 - THU1700,,2026-05-23 14:00,2026-05-23 19:00,2026-05-24 06:00,11,Delay 56h,5,0,2026-05-21 06:00,2026-05-21 17:00,428,13.375
HDT,CUL XIAMEN,Simon Shi,TWTPE,"Taipei, TW",SAT0000 - SAT0700,2617W,2026-05-25 14:00,2026-05-25 15:00,2026-05-25 22:00,7,Delay 62h,1,0,2026-05-23 00:00,2026-05-23 07:00,215,14.3333333333333
HDT,CUL XIAMEN,Simon Shi,TWKHH,"Kaohsiung, TW",SUN0000 - SUN1100,,2026-05-26 13:00,2026-05-26 14:00,2026-05-26 23:00,9,Delay 61h,1,0,2026-05-24 00:00,2026-05-24 11:00,139,15.4444444444444
HDT,CUL XIAMEN,Simon Shi,TWTXG,"Taichung, TW",SUN2200 - MON0900,,2026-05-27 08:00,2026-05-27 09:00,2026-05-27 19:00,10,Delay 58h,1,0,2026-05-24 22:00,2026-05-25 09:00,380,13.5714285714286
HDT,CUL XIAMEN,Simon Shi,CNNGB,"Ningbo, CN",TUE1500 - WED1100,2618E,2026-05-28 23:00,2026-05-29 02:00,2026-05-30 00:00,22,Delay 56h,3,0,2026-05-26 15:00,2026-05-27 11:00,186,13.2857142857143
HDT,CUL XIAMEN,Simon Shi,CNSHA,"Shanghai, CN",THU0600 - THU1700,,2026-05-30 14:00,2026-05-30 19:00,2026-05-31 06:00,11,Delay 56h,5,0,2026-05-28 06:00,2026-05-28 17:00,428,13.375
HDT,CUL XIAMEN,Simon Shi,TWTPE,"Taipei, TW",SAT0000 - SAT0700,2618W,2026-06-01 14:00,2026-06-01 15:00,2026-06-01 22:00,7,Delay 62h,1,0,2026-05-30 00:00,2026-05-30 07:00,215,14.3333333333333
HDT,CUL XIAMEN,Simon Shi,TWKHH,"Kaohsiung, TW",SUN0000 - SUN1100,,2026-06-02 13:00,2026-06-02 14:00,2026-06-02 23:00,9,Delay 61h,1,0,2026-05-31 00:00,2026-05-31 11:00,139,15.4444444444444
HDT,CUL XIAMEN,Simon Shi,TWTXG,"Taichung, TW",SUN2200 - MON0900,,2026-06-03 08:00,2026-06-03 09:00,2026-06-03 19:00,10,Delay 58h,1,0,2026-05-31 22:00,2026-06-01 09:00,380,13.5714285714286
NSX,M. ODYSSEY,Frankie Huang,THBKK,"Bangkok, TH",FRI 0530 - SAT 1930,2617N,2026-05-01 16:00,2026-05-02 07:18,2026-05-03 06:00,22.7,Delay 13.5h,3,12.3,2026-05-01 02:30,2026-05-02 19:30,5,10
NSX,M. ODYSSEY,Frankie Huang,THSCS,"Songkhla, TH",,,2026-05-03 06:30,2026-05-03 07:00,2026-05-03 15:42,8.7,,0.5,0,Private Call,,25,5
NSX,M. ODYSSEY,Frankie Huang,THLCH,"Laem Chabang, TH",SUN 0900 - SUN 2100,,2026-05-03 20:42,2026-05-03 21:48,2026-05-04 04:06,6.3,Delay 12.7h,1,0.1,2026-05-03 08:00,2026-05-03 21:00,1430,13.6320305052431
NSX,M. ODYSSEY,Frankie Huang,CNNAS,"Nansha, CN",FRI 1930 - SAT 1030,2619S,2026-05-08 13:00,2026-05-08 19:00,2026-05-09 09:48,14.8,Ahead 3.5h,3,3,2026-05-08 16:30,2026-05-09 10:30,60,9.67741935483871
NSX,M. ODYSSEY,Frankie Huang,CNSHK,"Hong Kong, CN",SAT 1900 - SUN 1400,,2026-05-09 16:00,2026-05-10 00:30,2026-05-10 09:48,9.3,On schedule,3,5.5,2026-05-09 16:00,2026-05-10 14:00,1470,13.9733840304183
NSX,M. ODYSSEY,Frankie Huang,THLCH,"Laem Chabang, TH",THU 1030 - THU 2230,,2026-05-14 19:00,2026-05-15 04:48,2026-05-15 11:00,6.2,Delay 9.5h,1,8.8,2026-05-14 09:30,2026-05-14 22:30,58,23.2
NSX,M. ODYSSEY,Frankie Huang,THBKK,"Bangkok, TH",FRI 0530 - SAT 1930,2619N,2026-05-15 13:30,2026-05-15 18:00,2026-05-16 15:00,21,Delay 11h,3,1.5,2026-05-15 02:30,2026-05-16 19:30,5,10
NSX,M. ODYSSEY,Frankie Huang,THSCS,"Songkhla, TH",,,2026-05-16 15:30,2026-05-16 16:00,2026-05-17 00:00,8,,0.5,0,Private Call,,30,7.5
NSX,M. ODYSSEY,Frankie Huang,THLCH,"Laem Chabang, TH",SUN 0900 - SUN 2100,,2026-05-17 04:00,2026-05-17 05:00,2026-05-17 17:00,12,Ahead 4h,1,0,2026-05-17 08:00,2026-05-17 21:00,1434,13.990243902439
NSX,M. ODYSSEY,Frankie Huang,CNNAS,"Nansha, CN",FRI 1930 - SAT 1030,2621S,2026-05-21 23:30,2026-05-22 02:30,2026-05-22 17:30,15,Ahead 17h,3,0,2026-05-22 16:30,2026-05-23 10:30,60,10.9090909090909
NSX,M. ODYSSEY,Frankie Huang,CNSHK,"Hong Kong, CN",SAT 1900 - SUN 1400,,2026-05-22 23:00,2026-05-23 02:00,2026-05-23 21:00,19,Ahead 17h,3,0,2026-05-23 16:00,2026-05-24 14:00,1425,13.9024390243902
NSX,M. ODYSSEY,Frankie Huang,THLCH,"Laem Chabang, TH",THU 1030 - THU 2230,,2026-05-28 03:30,2026-05-28 04:30,2026-05-28 16:30,12,Ahead 6h,1,0,2026-05-28 09:30,2026-05-28 22:30,58,14.5
NSX,M. ODYSSEY,Frankie Huang,THBKK,"Bangkok, TH",FRI 0530 - SAT 1930,2621N,2026-05-28 20:30,2026-05-28 23:30,2026-05-30 03:30,28,Ahead 6h,3,0,2026-05-29 02:30,2026-05-30 19:30,5,10
NSX,M. ODYSSEY,Frankie Huang,THSCS,"Songkhla, TH",,,2026-05-30 04:00,2026-05-30 04:30,2026-05-30 21:00,16.5,,0.5,0,Private Call,,30,6
NSX,M. ODYSSEY,Frankie Huang,THLCH,"Laem Chabang, TH",SUN 0900 - SUN 2100,,2026-05-31 02:00,2026-05-31 03:00,2026-05-31 15:00,12,Ahead 6h,1,0,2026-05-31 08:00,2026-05-31 21:00,1434,11.8024691358025
NSX,M. ODYSSEY,Frankie Huang,CNNAS,"Nansha, CN",FRI 1930 - SAT 1030,,2026-06-05 16:30,2026-06-05 19:30,2026-06-06 10:30,15,On schedule,3,0,2026-06-05 16:30,2026-06-06 10:30,60,10.9090909090909
CST,M. MARINER,Lex Yang,THBKK,"Bangkok, TH",WED 0530 - THU 1930,2618N,2026-05-14 15:42,2026-05-15 14:36,2026-05-15 23:12,8.6,Delay 37.2h,2.7,0,2026-05-06 16:30,2026-05-07 10:30,60,10
CST,M. MARINER,Lex Yang,THSCS,"Songkhla, TH",,,2026-05-15 23:30,2026-05-15 23:48,2026-05-16 04:48,5,,3.5,0,2026-05-07 16:00,2026-05-08 14:00,1425,13.2929104477612
CST,M. MARINER,Lex Yang,THLCH,"Laem Chabang, TH",FRI 0900 - FRI 2100,,2026-05-16 08:48,2026-05-16 12:54,2026-05-16 20:54,8,Delay 24.8h,1,7.5,2026-05-12 09:30,2026-05-12 22:30,58,20
CST,M. MARINER,Lex Yang,CNNAS,"Nansha, CN",WED 1930 - THU 1030,2620S,2026-05-21 07:00,2026-05-21 10:00,2026-05-22 01:00,15,Delay 14.5h,3,20.3,2026-05-13 02:30,2026-05-14 19:30,5,10
CST,M. MARINER,Lex Yang,CNNAS,"Nansha, CN",WED 1930 - THU 1030,2623S,2026-06-10 16:30,2026-06-10 19:30,2026-06-11 10:30,15,On schedule,3,0,2026-06-10 16:30,2026-06-11 10:30,60,10.9090909090909
CST,M. MARINER,Lex Yang,CNSHK,"Hong Kong, CN",THU 1900 - FRI 1400,,2026-06-11 16:00,2026-06-11 19:00,2026-06-12 14:00,19,On schedule,3,0,2026-06-11 16:00,2026-06-12 14:00,1425,13.9705882352941
CST,M. MARINER,Lex Yang,THLCH,"Laem Chabang, TH",TUE 1030 - TUE 2230,,2026-06-16 20:00,2026-06-16 21:00,2026-06-17 09:00,12,Delay 10.5h,1,0,2026-06-16 09:30,2026-06-16 22:30,58,14.5
CST,M. MARINER,Lex Yang,THBKK,"Bangkok, TH",WED 0530 - THU 1930,2623N,2026-06-17 13:00,2026-06-17 16:00,2026-06-18 16:00,24,Delay 10.5h,3,0,2026-06-17 02:30,2026-06-18 19:30,5,10
CST,M. MARINER,Lex Yang,THSCS,"Songkhla, TH",,,2026-06-18 16:30,2026-06-18 17:00,2026-06-19 17:00,24,,0.5,0,Private Call,,30,6
CST,M. MARINER,Lex Yang,THLCH,"Laem Chabang, TH",FRI 0900 - FRI 2100,,2026-06-19 22:00,2026-06-19 23:00,2026-06-20 11:00,12,Delay 14h,1,0,2026-06-19 08:00,2026-06-19 21:00,1434,14.128078817734
CST,M. MARINER,Lex Yang,CNNAS,"Nansha, CN",WED 1930 - THU 1030,2625S,2026-06-24 16:30,2026-06-24 19:30,2026-06-25 10:30,15,On schedule,3,0,2026-06-24 16:30,2026-06-25 10:30,60,10.9090909090909
CCT,CUL YANGPU,Frankie Huang,THBKK,"Bangkok, TH",SUN 1200 - MON 0400,2617N,2026-04-29 06:36,2026-04-30 05:06,2026-05-01 05:00,23.9,Delay 69.6h,3,19.5,2026-04-26 09:00,2026-04-27 04:00,8,16
CCT,CUL YANGPU,Frankie Huang,THBKS,"Bangkok, TH",MON 0600 -MON 1300,,2026-05-01 05:30,2026-05-01 06:36,2026-05-01 16:54,10.3,Delay 96h,0.5,0.6,2026-04-27 05:30,2026-04-27 13:00,58,14.1463414634146
CCT,CUL YANGPU,Frankie Huang,THLCH,"Laem Chabang, TH",MON 2000 - TUE 0600,,2026-05-01 21:00,2026-05-01 21:36,2026-05-02 05:36,8,Delay 98h,0.6,0,2026-04-27 19:00,2026-04-28 06:00,612,13.7837837837838
CCT,CUL YANGPU,Frankie Huang,VNSGN,"Saigon, VN",FRI 1300 - FRI 2200,,2026-05-04 02:00,2026-05-04 11:48,2026-05-04 23:54,12.1,Delay 65h,4,5.8,2026-05-01 09:00,2026-05-01 22:00,1675,16.090297790586
CCT,CUL YANGPU,Frankie Huang,CNSHA,"Shanghai, CN",,,2026-05-09 08:00,2026-05-14 10:00,2026-05-14 20:54,10.9,,5,117,,,189,10.0531914893617
CCT,CUL YANGPU,Frankie Huang,CNNGB,"Ningbo, CN",THU 1500 - FRI 0500,,2026-05-15 15:42,2026-05-15 21:42,2026-05-16 13:00,15.3,,3,3,,,,
CCT,HOOGE,Frankie Huang,CNNGB,"Ningbo, CN",THU 1500 - FRI 0500,2617S,2026-05-04 07:30,2026-05-04 11:00,2026-05-04 19:48,8.8,Ahead 76.5h,3,0.5,2026-05-07 12:00,2026-05-08 05:00,213,6.2280701754386
CCT,HOOGE,Frankie Huang,CNSHA,"Shanghai, CN",SAT 1000 - SUN 0100,,2026-05-06 06:00,2026-05-10 03:54,2026-05-10 12:48,8.9,Ahead 72h,4,89.9,2026-05-09 06:00,2026-05-10 01:00,2266,15.8240223463687
CCT,HOOGE,Frankie Huang,THLCH,"Laem Chabang, TH",SAT 1000 - SAT 1600,,2026-05-16 12:00,2026-05-16 13:00,2026-05-16 21:00,8,Delay 3h,1,0,2026-05-16 09:00,2026-05-16 16:00,85,42.5
CCT,HOOGE,Frankie Huang,THBKK,"Bangkok, TH",SUN 1200 - MON 0400,2620N,2026-05-16 23:00,2026-05-17 04:00,2026-05-18 02:00,22,Ahead 10h,3,2,2026-05-17 09:00,2026-05-18 04:00,8,16
CCT,HOOGE,Frankie Huang,THBKS,"Bangkok, TH",MON 0600 -MON 1300,,2026-05-18 02:30,2026-05-18 03:00,2026-05-18 16:00,13,Ahead 3h,0.5,0,2026-05-18 05:30,2026-05-18 13:00,58,19.3333333333333
CCT,HOOGE,Frankie Huang,THLCH,"Laem Chabang, TH",MON 2000 - TUE 0600,,2026-05-18 19:00,2026-05-18 20:00,2026-05-19 06:00,10,On schedule,1,0,2026-05-18 19:00,2026-05-19 06:00,612,15.6923076923077
CCT,HOOGE,Frankie Huang,VNSGN,"Saigon, VN",FRI 1300 - FRI 2200,,2026-05-20 21:00,2026-05-21 01:00,2026-05-21 10:00,9,Ahead 36h,4,0,2026-05-22 09:00,2026-05-22 22:00,1600,11.9402985074627
CCT,HOOGE,Frankie Huang,CNNGB,"Ningbo, CN",THU 1500 - FRI 0500,2620S,2026-05-27 00:00,2026-05-27 03:00,2026-05-27 17:00,14,Ahead 36h,3,0,2026-05-28 12:00,2026-05-29 05:00,200,8
CCT,HOOGE,Frankie Huang,CNSHA,"Shanghai, CN",SAT 1000 - SUN 0100,,2026-05-28 18:00,2026-05-28 22:00,2026-05-29 13:00,15,Ahead 36h,4,0,2026-05-30 06:00,2026-05-31 01:00,2307,15.1776315789474
CCT,HOOGE,Frankie Huang,THLCH,"Laem Chabang, TH",SAT 1000 - SAT 1600,,2026-06-04 21:00,2026-06-04 22:00,2026-06-05 04:00,6,Ahead 36h,1,0,2026-06-06 09:00,2026-06-06 16:00,85,5
CCT,HOOGE,Frankie Huang,THBKK,"Bangkok, TH",SUN 1200 - MON 0400,,2026-06-05 21:00,2026-06-06 00:00,2026-06-06 16:00,16,Ahead 36h,3,0,2026-06-07 09:00,2026-06-08 04:00,8,5.33333333333333
NP2,CHANG SHENG JI 7,Han Yang,CNTAO,"Qingdao, CN",FRI 03:00 - FRI 15:00,2617S,2026-05-01 14:12,2026-05-06 05:12,2026-05-06 15:06,9.9,Delay 182.2h,3,108,2026-04-24 03:00,2026-04-24 15:00,358,12.831541218638
NP2,CHANG SHENG JI 7,Han Yang,CNSHA,"Shanghai, CN",MON 07:00 - MON 17:00,,2026-05-07 22:00,2026-05-10 15:42,2026-05-11 01:48,10.1,Delay 260h,5,60.7,2026-04-27 07:00,2026-04-27 17:00,551,11.1991869918699
NP2,CHANG SHENG JI 7,Han Yang,CNXMN,"Xiamen, CN",WED 20:00 - THU 06:00,,2026-05-13 09:12,2026-05-13 19:54,2026-05-14 02:48,6.9,Delay 328.2h,3,7.7,2026-04-29 20:00,2026-04-30 06:00,674,11.0130718954248
NP2,CHANG SHENG JI 7,Han Yang,PHMNL,"Manila, PH",SAT 16:00 - SUN 16:00,2617N,2026-05-16 19:00,2026-05-16 22:00,2026-05-17 20:00,22,Delay 342h,3,0,2026-05-02 16:00,2026-05-03 16:00,1440,10.9505703422053
NP2,CHANG SHENG JI 7,Han Yang,CNTAO,"Qingdao, CN",FRI 03:00 - FRI 15:00,2619S,2026-05-23 10:30,2026-05-23 13:30,2026-05-24 11:30,22,Delay 370.5h,3,0,2026-05-08 03:00,2026-05-08 15:00,358,11.0153846153846
NP2,CHANG SHENG JI 7,Han Yang,CNSHA,"Shanghai, CN",MON 07:00 - MON 17:00,,2026-05-25 23:00,2026-05-26 04:00,2026-05-27 02:00,22,Delay 357h,5,0,2026-05-11 07:00,2026-05-11 17:00,551,11.02
NP2,CHANG SHENG JI 7,Han Yang,CNXMN,"Xiamen, CN",WED 20:00 - THU 06:00,,2026-05-29 09:00,2026-05-29 12:00,2026-05-30 10:00,22,Delay 376h,3,0,2026-05-13 20:00,2026-05-14 06:00,674,10.9593495934959
NP2,CHANG SHENG JI 7,Han Yang,PHMNL,"Manila, PH",SAT 16:00 - SUN 16:00,2619N,2026-06-02 02:30,2026-06-02 05:30,2026-06-03 03:30,22,Delay 397.5h,3,0,2026-05-16 16:00,2026-05-17 16:00,1440,10.9505703422053
NP2,CHANG SHENG JI 7,Han Yang,CNTAO,"Qingdao, CN",FRI 03:00 - FRI 15:00,,2026-06-08 18:00,2026-06-08 21:00,2026-06-09 19:00,22,Delay 426h,3,0,2026-05-22 03:00,2026-05-22 15:00,358,11.0153846153846
REX,HAIAN MIND,Bob Hu,MYPKG,"Penang, MY",,2617W,2026-04-29 08:30,2026-04-29 10:00,2026-04-30 13:24,27.4,,1.5,0,,,4267,14.4106720702465
REX,HAIAN MIND,Bob Hu,SAJED,"Jeddah, SA",,2617E,2026-05-12 23:00,2026-05-15 01:36,2026-05-16 02:00,24.4,,2,48.6,,,621,14.1136363636364
REX,HAIAN MIND,Bob Hu,EGSOK,"Sokhna, EG",,,2026-05-18 00:00,2026-05-18 02:00,2026-05-18 22:00,20,,2,0,,,4814,14.4564564564565
REX,HAIAN MIND,Bob Hu,MYPKG,"Penang, MY",,2622W,2026-06-01 21:00,2026-06-01 23:00,2026-06-02 19:00,20,,2,0,,,4215,14.5344827586207
REX,HAIAN MIND,Bob Hu,SAJED,"Jeddah, SA",,2622E,2026-06-14 23:00,2026-06-15 01:00,2026-06-15 21:00,20,,2,0,,,621,14.4418604651163
REX,HAIAN MIND,Bob Hu,EGSOK,"Sokhna, EG",,,2026-06-17 18:00,2026-06-17 20:00,2026-06-18 16:00,20,,2,0,,,4830,14.4610778443114
REX,TIGER LONGKOU,Han Yang,MYPKG,"Penang, MY",,2620W,2026-05-15 10:00,2026-05-15 13:00,2026-05-16 11:00,22,,3,0,,,4197,14.8829787234043
REX,TIGER LONGKOU,Han Yang,SAJED,"Jeddah, SA",,2620E,2026-05-28 08:00,2026-05-28 09:00,2026-05-29 00:30,15.5,,1,0,,,622,14.4651162790698
REX,TIGER LONGKOU,Han Yang,EGSOK,"Sokhna, EG",,,2026-05-30 20:30,2026-05-30 22:30,2026-05-31 14:00,15.5,,2,0,,,7037,15.0363247863248
REX,TIGER LONGKOU,Han Yang,CNNGB,"Ningbo, CN",,2625W,2026-06-20 04:00,2026-06-20 07:00,2026-06-20 22:00,15,,3,0,,,719,14.9791666666667
REX,CUL NANSHA,Frankie Huang,EGSOK,"Sokhna, EG",,2618E,2026-05-23 10:00,2026-05-23 12:00,2026-05-24 12:00,24,,2,0,,,623,15.575
REX,CUL NANSHA,Frankie Huang,SAJED,"Jeddah, SA",,,2026-05-26 04:00,2026-05-26 06:00,2026-05-27 06:00,24,,2,0,,,5826,15.9616438356164
REX,CUL NANSHA,Frankie Huang,CNSHK/NAS,"HK/Nansha, CN",,2624W,2026-06-11 11:00,2026-06-11 13:00,2026-06-12 05:00,16,,2,0,,,763,15.8958333333333
REX,CUL NANSHA,Frankie Huang,CNNGB,"Ningbo, CN",,,2026-06-14 05:00,2026-06-14 07:00,2026-06-14 23:00,16,,2,0,,,,
REX,CUL NANSHA,Frankie Huang,CNNAS,"Nansha, CN",,,2026-06-14 05:00,2026-06-14 08:00,2026-06-15 00:00,16,,3,0,,,331,15.7619047619048
REX,CUL NANSHA,Frankie Huang,CNXMN,"Xiamen, CN",,,2026-06-15 21:00,2026-06-15 23:00,2026-06-16 15:00,16,,2,0,,,6627,15.9686746987952
REX,CUL NANSHA,Frankie Huang,EGSOK,"Sokhna, EG",,2624E,2026-07-03 22:00,2026-07-04 00:00,2026-07-05 00:00,24,,2,0,,,623,15.575
REX,CUL NANSHA,Frankie Huang,SAJED,"Jeddah, SA",,,2026-07-06 16:00,2026-07-06 18:00,2026-07-07 18:00,24,,2,0,,,6444,16.11
REX,CUL NANSHA,Frankie Huang,CNNGB,"Ningbo, CN",,2630W,2026-07-24 10:00,2026-07-24 12:00,2026-07-25 04:00,16,,2,0,,,763,15.8958333333333
REX,MAO GANG SHANG HAI,Han Yang,EGSOK,"Sokhna, EG",,2613E,2026-05-18 19:00,2026-05-18 21:00,2026-05-19 19:00,22,,2,0,,,624,10.4873949579832
REX,MAO GANG SHANG HAI,Han Yang,SAJED,"Jeddah, SA",,,2026-05-22 08:30,2026-05-22 11:30,2026-05-23 09:30,22,,3,0,,,5826,10.45960502693
REX,MAO GANG SHANG HAI,Han Yang,CNSHK,"Hong Kong, CN",,2625W,2026-06-15 17:30,2026-06-15 20:30,2026-06-16 18:30,22,,3,0,,,14,2.8
REX,MAO GANG SHANG HAI,Han Yang,CNNAS,"Nansha, CN",,,2026-06-17 02:30,2026-06-17 05:30,2026-06-18 03:30,22,,3,0,,,6436,10.516339869281
REX,MAO GANG SHANG HAI,Han Yang,EGSOK,"Sokhna, EG",,2625E,2026-07-13 18:30,2026-07-13 20:30,2026-07-14 18:30,22,,2,0,,,624,10.4
REX,MAO GANG SHANG HAI,Han Yang,SAJED,"Jeddah, SA",,,2026-07-17 08:30,2026-07-17 09:30,2026-07-18 07:30,22,,1,0,,,6445,10.4967426710098
REX,MAO GANG SHANG HAI,Han Yang,CNNGB,"Ningbo, CN",,2633W,2026-08-12 22:30,2026-08-13 01:30,2026-08-13 16:30,15,,3,0,,,719,10.4963503649635
REX,CUL HUMEN,Jim Liang,EGSOK,"Sokhna, EG",,2613E,2026-05-06 18:30,2026-05-06 22:30,2026-05-07 16:30,18,,2,2,,,624,13.1368421052632
REX,CUL HUMEN,Jim Liang,SAJED,"Jeddah, SA",,,2026-05-09 16:00,2026-05-12 20:00,2026-05-15 11:00,63,,2,74,,,164,12.6153846153846
REX,CUL HUMEN,Jim Liang,SDPZU,"Puzhou, CN",,,2026-05-16 00:00,2026-05-16 14:00,2026-05-18 02:00,36,,2,12,,,6423,13.2160493827161
REX,CUL HUMEN,Jim Liang,CNNGB,"Ningbo, CN",,2623W,2026-06-07 08:00,2026-06-07 10:00,2026-06-07 22:00,12,,2,0,,,719,13.5660377358491
REX,CUL HUMEN,Jim Liang,CNSHK,"Hong Kong, CN",,,2026-06-10 03:00,2026-06-10 05:00,2026-06-10 17:00,12,,2,0,,,70,10
REX,CUL HUMEN,Jim Liang,CNNSA,"Nansha, CN",,,2026-06-11 00:00,2026-06-11 03:00,2026-06-11 15:00,12,,3,0,,,6452,13.7276595744681
REX,CUL HUMEN,Jim Liang,EGSOK,"Sokhna, EG",,2623E,2026-07-01 05:00,2026-07-01 07:00,2026-07-01 19:00,12,,2,0,,,624,13
REX,WAN FU DA,Kevin Du,MYPKG,"Penang, MY",,2619W,2026-05-04 14:12,2026-05-10 06:30,2026-05-11 10:48,28.3,,3,133.3,,,4216,14.3303874915024
REX,WAN FU DA,Kevin Du,SAJED,"Jeddah, SA",,2619E,2026-05-23 20:00,2026-05-23 22:00,2026-05-24 16:00,18,,2,0,,,621,14.7857142857143
REX,WAN FU DA,Kevin Du,EGSOK,"Sokhna, EG",,,2026-05-26 12:00,2026-05-26 14:00,2026-05-27 06:00,16,,2,0,,,4789,15.059748427673
REX,WAN FU DA,Kevin Du,MYPKG,"Penang, MY",,,2026-06-09 14:00,2026-06-09 17:00,2026-06-10 17:00,24,,3,0,,,2282,15.5238095238095
REX,WAN FU DA,Kevin Du,CNNGB,"Ningbo, CN",,2624W,2026-06-16 23:00,2026-06-17 02:00,2026-06-18 02:00,24,,3,0,,,708,15.063829787234
REX,CUL LAEMCHABANG,Lex Yang,CNSHA,"Shanghai, CN",,2617W,2026-04-25 10:00,2026-04-28 12:18,2026-04-29 03:00,14.7,,3.3,71,,,840,15.8490566037736
REX,CUL LAEMCHABANG,Lex Yang,CNSHK,"Hong Kong, CN",,,2026-05-01 08:00,2026-05-01 13:48,2026-05-02 03:00,13.2,,3,2.8,,,21,3.5
REX,CUL LAEMCHABANG,Lex Yang,CNNAS,"Nansha, CN",,,2026-05-02 09:00,2026-05-03 00:00,2026-05-03 15:06,15.1,,3,12,,,5858,16.8381718884737
REX,CUL LAEMCHABANG,Lex Yang,SAJED,"Jeddah, SA",,2617E,2026-05-18 03:00,2026-05-19 04:30,2026-05-20 05:00,24,,2,0,,,623,15.1951219512195
REX,CUL LAEMCHABANG,Lex Yang,EGSOK,"Sokhna, EG",,,2026-05-21 22:00,2026-05-22 00:00,2026-05-23 00:00,24,,2,0,,,2864,13.9707317073171
REX,HONG DA XIN 728,Leah Liu,EGSOK,"Sokhna, EG",,2611E,2026-04-29 14:24,2026-04-29 15:36,2026-04-30 21:12,29.6,,1.2,0,,,621,12.7515400410678
REX,HONG DA XIN 728,Leah Liu,SAJED,"Jeddah, SA",,,2026-05-02 23:06,2026-05-04 22:06,2026-05-06 11:24,37.3,,2,45,,,4397,10.6310444874275
REX,HONG DA XIN 728,Leah Liu,SGSIN(Bunkering),"Singapore (Bunkering), SG",,,2026-05-23 19:00,2026-05-23 19:00,2026-05-24 07:00,12,,0,0,,,1443,11.544
REX,HONG DA XIN 728,Leah Liu,CNNAS,"Nansha, CN",,2620W,2026-05-29 12:00,2026-05-29 15:00,2026-05-30 13:00,22,,3,0,,,30,6
REX,HONG DA XIN 728,Leah Liu,CNSHK,"Hong Kong, CN",,,2026-05-30 21:00,2026-05-31 00:00,2026-05-31 20:00,20,,3,0,,,708,11.419354838709678
REX,HONG DA XIN 728,Leah Liu,CNNGB,"Ningbo, CN",,,2026-06-03 13:00,2026-06-03 16:00,2026-06-04 12:00,20,,3,0,,,6452,11.379188712522046
REX,HONG DA XIN 728,Leah Liu,EGSOK,"Sokhna, EG",,2620E,2026-06-28 06:00,2026-06-28 09:00,2026-06-29 11:00,26,,3,0,,,621,11.5
REX,HONG DA XIN 728,Leah Liu,SAJED,"Jeddah, SA",,,2026-07-01 20:00,2026-07-01 23:00,2026-07-02 21:00,22,,3,0,,,4168,11.356948228882834
REX,HONG DA XIN 728,Leah Liu,MYPKG,"Penang, MY",,,2026-07-18 07:00,2026-07-18 10:00,2026-07-19 06:00,20,,3,0,,,2274,11.257425742574258
REX,HONG DA XIN 728,Leah Liu,CNNGB,"Ningbo, CN",,,2026-07-27 19:00,2026-07-27 22:00,2026-07-28 20:00,22,,3,0,,,,
REX,CUL YANGPU,Frankie Huang,CNSHA,"Shanghai, CN",,2619W,2026-05-09 08:00,2026-05-14 10:00,2026-05-14 20:54,10.9,,5,117,,,189,10.0531914893617
REX,CUL YANGPU,Frankie Huang,CNNGB,"Ningbo, CN",,,2026-05-15 15:42,2026-05-15 21:42,2026-05-16 13:00,15.3,,3,3,,,30,6
REX,CUL YANGPU,Frankie Huang,CNNGB,"Ningbo, CN",,,2026-05-16 18:00,2026-05-16 20:00,2026-05-17 08:00,12,,2,0,,,7055,16.0340909090909
REX,CUL YANGPU,Frankie Huang,EGSOK,"Sokhna, EG",,2619E,2026-06-04 16:00,2026-06-04 18:00,2026-06-05 18:00,24,,2,0,,,624,15.219512195122
REX,CUL YANGPU,Frankie Huang,SAJED,"Jeddah, SA",,,2026-06-07 11:00,2026-06-07 12:00,2026-06-08 12:00,24,,1,0,,,6444,15.7170731707317
REX,CUL YANGPU,Frankie Huang,CNNGB,"Ningbo, CN",,2626W,2026-06-25 14:00,2026-06-25 16:00,2026-06-26 08:00,16,,2,0,,,763,15.8958333333333
REX,ZHONG GU YIN CHUAN,Jim Liang,CNTAO,"Qingdao, CN",,2617W,2026-05-01 08:57,2026-05-01 08:57,2026-05-01 17:30,8.55,,0,0,,,360,13.3333333333333
REX,ZHONG GU YIN CHUAN,Jim Liang,CNSHA,"Shanghai, CN",,,2026-05-02 20:30,2026-05-05 04:00,2026-05-05 13:30,9.5,,5,50.5,,,150,11.1111111111111
REX,ZHONG GU YIN CHUAN,Jim Liang,CNNGB,"Ningbo, CN",,,2026-05-06 03:00,2026-05-08 01:00,2026-05-08 14:00,13,,2,44,,,7024,13.1535580524345
REX,ZHONG GU YIN CHUAN,Jim Liang,EGSOK,"Sokhna, EG",,2617E,2026-05-30 20:00,2026-05-30 22:00,2026-05-31 14:00,16,,2,0,,,621,12.9375
REX,ZHONG GU YIN CHUAN,Jim Liang,SAJED,"Jeddah, SA",,,2026-06-02 14:00,2026-06-02 16:00,2026-06-03 05:00,13,,2,0,,,5174,12.935
REX,ZHONG GU YIN CHUAN,Jim Liang,THLCH,"Laem Chabang, TH",,2626W,2026-06-19 21:00,2026-06-26 23:00,2026-06-28 23:00,48,,2,168,,,800,10.958904109589
REX,EVERLASTING HARVEST,Leah Liu,CNNGB,"Ningbo, CN",,2619W,2026-05-14 08:49,2026-05-14 12:12,2026-05-15 02:12,14,,3,0,,,708,14.8
REX,EVERLASTING HARVEST,Leah Liu,CNSHK,"Hong Kong, CN",,2619W,2026-05-17 02:00,2026-05-17 05:00,2026-05-17 17:00,12,,3,0,,,19,3.8
REX,EVERLASTING HARVEST,Leah Liu,CNNAS,"Nansha, CN",,2619W,2026-05-17 22:00,2026-05-18 01:00,2026-05-19 01:00,24,,3,0,,,5853,15
REX,EVERLASTING HARVEST,Leah Liu,SAJED,"Jeddah, SA",,2619E,2026-06-04 07:12,2026-06-04 10:12,2026-06-05 10:12,24,,3,0,,,716,14.9
REX,EVERLASTING HARVEST,Leah Liu,YEADE,"Yenikapi, TR",,2619E,2026-06-07 10:18,2026-06-07 13:18,2026-06-08 13:18,24,,3,0,,,5796,14.9
REX,EVERLASTING HARVEST,Leah Liu,CNNGB,"Ningbo, CN",,2620W,2026-06-24 19:18,2026-06-24 22:18,2026-06-25 12:18,14,,3,0,,,708,14.8
REX,EVERLASTING HARVEST,Leah Liu,CNSHK,"Hong Kong, CN",,2620W,2026-06-27 12:06,2026-06-27 15:06,2026-06-28 03:06,12,,3,0,,,19,3.8
REX,EVERLASTING HARVEST,Leah Liu,CNNAS,"Nansha, CN",,2620W,2026-06-28 08:06,2026-06-28 11:06,2026-06-29 11:06,24,,3,0,,,6436,15
REX,EVERLASTING HARVEST,Leah Liu,EGSOK,"Sokhna, EG",,2620E,2026-07-17 09:06,2026-07-17 12:06,2026-07-18 12:06,24,,3,0,,,624,14.9
REX,EVERLASTING HARVEST,Leah Liu,SAJED,"Jeddah, SA",,2620E,2026-07-20 06:06,2026-07-20 09:06,2026-07-21 09:06,24,,3,0,,,6444,15
SGX,ZHI YING HE SHUN,Jim Liang,CNSHK,"Hong Kong, CN",,2618W,2026-04-30 15:00,2026-04-30 17:00,2026-05-01 12:00,19,,2,0,,,307,10.2333333333333
SGX,ZHI YING HE SHUN,Jim Liang,CNXMN,"Xiamen, CN",,,2026-05-02 18:00,2026-05-03 01:00,2026-05-03 08:00,7,,2,5,,,1854,10.5942857142857
SGX,ZHI YING HE SHUN,Jim Liang,MYPKG,"Penang, MY",,2618E,2026-05-10 12:00,2026-05-10 13:00,2026-05-11 15:30,26.5,,1,0,,,1668,10.7961165048544
SGX,ZHI YING HE SHUN,Jim Liang,CNSHK,"Hong Kong, CN",,,2026-05-18 02:00,2026-05-18 04:00,2026-05-18 16:00,12,,2,0,,,307,10.5862068965517
SGX,ZHI YING HE SHUN,Jim Liang,CNXMN,"Xiamen, CN",,,2026-05-19 21:00,2026-05-20 04:00,2026-05-20 16:00,12,,2,5,,,1854,10.7790697674419
SGX,HUA DONG 811,Bob Hu,MYPKG,"Penang, MY",,2615E,2026-05-02 02:00,2026-05-02 10:00,2026-05-03 06:45,20.75,,2,6,,,2376,11.4093637454982
SGX,HUA DONG 811,Bob Hu,CNSHA,"Shanghai, CN",,2618W,2026-05-11 20:18,2026-05-14 15:00,2026-05-15 07:42,16.7,,5,61.7,,,587,10.910780669145
SGX,HUA DONG 811,Bob Hu,CNXMN,"Xiamen, CN",,,2026-05-17 18:30,2026-05-17 20:30,2026-05-18 08:30,12,,2,0,,,1854,11.0357142857143
SGX,HUA DONG 811,Bob Hu,MYPKG,"Penang, MY",,,2026-05-25 10:30,2026-05-25 12:30,2026-05-26 00:30,12,,2,0,,,4215,11.0052219321149
SGX,HUA DONG 811,Bob Hu,SAJED,"Jeddah, SA",,2618E,2026-06-11 01:30,2026-06-11 03:30,2026-06-11 23:30,20,,2,0,,,621,10.8947368421053
SGX,HUA DONG 811,Bob Hu,EGSOK,"Sokhna, EG",,,2026-06-14 10:30,2026-06-14 12:30,2026-06-15 08:30,20,,2,0,,,,
SGX,ZHONG GU CHENG DU,Hardy Hou,INNSA,"Nhava Sheva, IN",,2616E,2026-04-28 13:00,2026-05-01 15:00,2026-05-03 03:00,36,,2,72,,,2330,14.1212121212121
SGX,ZHONG GU CHENG DU,Hardy Hou,MYPKG,"Penang, MY",,,2026-05-09 21:00,2026-05-10 21:18,2026-05-11 16:00,18.7,,2,22.3,,,2697,14.3457446808511
SGX,ZHONG GU CHENG DU,Hardy Hou,CNTAO,"Qingdao, CN",TUE 1200 - WEN 0000,2619W,2026-05-19 19:00,2026-05-19 21:00,2026-05-20 16:00,19,Delay 9h,2,0,2026-05-19 12:00,2026-05-20 00:00,360,13.3333333333333
SL1,M. MARINER,Lex Yang,CNNAS,"Nansha, CN",WED 1930 - THU 1030,2620S,2026-05-21 05:00,2026-05-21 08:00,2026-05-21 23:00,15,Delay 12.5h,3,0,2026-05-20 16:30,2026-05-21 10:30,760,13.8181818181818
SL1,M. MARINER,Lex Yang,CNSHK,"Hong Kong, CN",THU 1900 - FRI 1400,,,OMIT,,19,,3,0,2026-05-21 16:00,2026-05-22 14:00,1425,13.9705882352941
SL1,M. MARINER,Lex Yang,CNNGB,"Ningbo, CN",,,2026-05-24 06:00,2026-05-24 09:00,2026-05-24 21:00,12,,3,0,,,135,8.4375
SL1,M. MARINER,Lex Yang,CNSHA,"Shanghai, CN",,,2026-05-25 13:00,2026-05-25 16:00,2026-05-26 04:00,12,,3,0,,,2221,13.0647058823529
SL1,M. MARINER,Lex Yang,THLCH,"Laem Chabang, TH",TUE 1030 - TUE 2230,,2026-06-02 06:00,2026-06-02 07:00,2026-06-02 19:00,12,,1,0,2026-05-26 09:30,2026-05-26 22:30,58,14.5
SL1,M. MARINER,Lex Yang,THBKK,"Bangkok, TH",WED 0530 - THU 1930,2620N,2026-06-02 23:00,2026-06-03 02:00,2026-06-04 02:00,24,,3,0,2026-05-27 02:30,2026-05-28 19:30,5,10
SL1,M. MARINER,Lex Yang,THSSW,"Samut Sakhon, TH",,,2026-06-04 02:30,2026-06-04 03:00,2026-06-05 03:00,24,,0.5,0,Private Call,,30,6
SL1,M. MARINER,Lex Yang,THLCH,"Laem Chabang, TH",FRI 0900 - FRI 2100,,2026-06-05 08:00,2026-06-05 09:00,2026-06-05 21:00,12,,1,0,2026-05-29 08:00,2026-05-29 21:00,1434,12.4155844155844
SL1,M. MARINER,Lex Yang,CNNAS,"Nansha, CN",WED 1930 - THU 1030,2623S,2026-06-10 16:30,2026-06-10 19:30,2026-06-11 10:30,15,On schedule,3,0,2026-06-10 16:30,2026-06-11 10:30,60,10.9090909090909
CGX,RACINE,Lex Yang,INNSA,"Nhava Sheva, IN",,2616E,,OMIT,,,,3,0,,,,
CGX,RACINE,Lex Yang,PKKHI,"Karachi, PK",,,2026-05-14 21:00,2026-05-15 10:54,2026-05-15 19:54,9,,2,10,,,257,12.85
CGX,RACINE,Lex Yang,INKDL,"Kandla, IN",,,2026-05-16 10:54,2026-05-16 13:30,2026-05-17 12:42,23.2,,2,0,,,824,15.8461538461539
CGX,RACINE,Lex Yang,INMUN,"Mundra, IN",,,2026-05-17 16:48,2026-05-19 19:00,2026-05-20 19:00,24,,2,0,,,5810,15.9178082191781
CGX,RACINE,Lex Yang,AEKLF,"Khalifa, AE",,,2026-05-23 01:00,2026-05-23 03:00,2026-05-25 03:00,48,,3,0,,,386,15.44
CGX,RACINE,Lex Yang,CNTAO,"Qingdao, CN",,2623W,2026-06-09 08:00,2026-06-09 11:00,2026-06-10 11:00,24,,3,0,,,219,14.6
CGX,RACINE,Lex Yang,CNSHA,"Shanghai, CN",,,2026-06-11 12:00,2026-06-11 15:00,2026-06-12 15:00,24,,3,0,,,730,15.531914893617
CGX,RACINE,Lex Yang,CNNGB,"Ningbo, CN",,,2026-06-13 09:00,2026-06-13 12:00,2026-06-14 12:00,24,,3,0,,,21,3.5
CGX,RACINE,Lex Yang,CNSHK,"Hong Kong, CN",,,2026-06-16 14:00,2026-06-16 17:00,2026-06-17 17:00,24,,3,0,,,1650,16.0194174757282
CGX,RACINE,Lex Yang,CNNAS,"Nansha, CN",,,2026-06-17 23:00,2026-06-18 02:00,2026-06-19 02:00,24,,3,0,,,2649,15.9578313253012
CGX,RACINE,Lex Yang,MYPKG,"Penang, MY",,,2026-06-23 09:00,2026-06-23 12:00,2026-06-24 12:00,24,,3,0,,,245,15.3125
CGX,RACINE,Lex Yang,INMUN,"Mundra, IN",,2623E,2026-07-01 10:00,2026-07-01 13:00,2026-07-03 01:00,36,,2,0,,,589,15.9189189189189
CGX,RACINE,Lex Yang,PKKHI,"Karachi, PK",,,2026-07-03 17:00,2026-07-03 19:00,2026-07-05 07:00,36,,2,0,,,70,7
CGX,RACINE,Lex Yang,OMSOH,"Sohar, OM",,,2026-07-06 20:00,2026-07-06 22:00,2026-07-08 10:00,36,,2,0,,,5849,16.0246575342466
CGX,RACINE,Lex Yang,AEKLF,"Khalifa, AE",,,2026-07-08 20:00,2026-07-08 22:00,2026-07-10 22:00,48,,3,0,,,386,15.44
CGX,RACINE,Lex Yang,CNTAO,"Qingdao, CN",,2630W,2026-07-26 03:00,2026-07-26 06:00,2026-07-26 20:00,14,,0,0,,,,
CGX,EXPRESS BERLIN,Javier Tao,MYPKG,"Penang, MY",,2618W,2026-05-18 06:00,2026-05-18 16:00,2026-05-19 16:00,24,,2,12,,,2649,15.7678571428571
CGX,EXPRESS BERLIN,Javier Tao,INMUN,"Mundra, IN",,2618E,2026-05-26 16:00,2026-05-28 18:00,2026-05-29 18:00,24,,2,48,,,247,15.4375
CGX,EXPRESS BERLIN,Javier Tao,PKKHI,"Karachi, PK",,,2026-05-30 10:00,2026-05-30 12:00,2026-05-30 22:00,10,,2,0,,,589,15.9189189189189
CGX,EXPRESS BERLIN,Javier Tao,OMSOH,"Sohar, OM",,,2026-06-01 11:00,2026-06-01 13:00,2026-06-01 23:00,10,,2,0,,,70,14
CGX,EXPRESS BERLIN,Javier Tao,AEKLF,"Khalifa, AE",,,2026-06-02 04:00,2026-06-02 06:00,2026-06-08 06:00,144,,2,0,,,5571,15.9171428571429
CGX,EXPRESS BERLIN,Javier Tao,CNTAO,"Qingdao, CN",,2625W,2026-06-22 20:00,2026-06-23 22:00,2026-06-24 22:00,24,,2,24,,,364,12.1333333333333
CGX,EXPRESS BERLIN,Javier Tao,CNSHA,"Shanghai, CN",,,2026-06-26 04:00,2026-06-27 09:00,2026-06-27 21:00,12,,5,24,,,120,10
CGX,EXPRESS BERLIN,Javier Tao,CNNGB,"Ningbo, CN",,,2026-06-28 09:00,2026-06-29 00:00,2026-06-29 12:00,12,,3,12,,,719,13.0727272727273
CGX,EXPRESS BERLIN,Javier Tao,CNSHK,"Hong Kong, CN",,,2026-07-01 19:00,2026-07-01 22:00,2026-07-02 13:00,15,,3,0,,,20,5
CGX,EXPRESS BERLIN,Javier Tao,CNNSA,"Nansha, CN",,,2026-07-02 17:00,2026-07-02 20:00,2026-07-03 20:00,24,,3,0,,,1641,15.9320388349515
CGX,EXPRESS BERLIN,Javier Tao,MYPKG,"Penang, MY",,,2026-07-08 03:00,2026-07-08 17:00,2026-07-09 17:00,24,,2,12,,,2649,15.7678571428571
CGX,EXPRESS BERLIN,Javier Tao,INMUN,"Mundra, IN",,2625E,2026-07-16 17:00,2026-07-17 19:00,2026-07-18 19:00,24,,2,24,,,247,15.4375
CGX,EXPRESS BERLIN,Javier Tao,PKKHI,"Karachi, PK",,,2026-07-19 11:00,2026-07-19 13:00,2026-07-20 13:00,24,,2,0,,,589,15.9189189189189
CGX,EXPRESS BERLIN,Javier Tao,OMSOH,"Sohar, OM",,,2026-07-22 02:00,2026-07-22 04:00,2026-07-23 04:00,24,,2,0,,,70,14
CGX,EXPRESS BERLIN,Javier Tao,AEKLF,"Khalifa, AE",,,2026-07-23 09:00,2026-07-23 11:00,2026-07-29 11:00,144,,2,0,,,5571,15.9171428571429
CGX,EXPRESS BERLIN,Javier Tao,CNTAO,"Qingdao, CN",,,2026-08-13 01:00,2026-08-15 03:00,2026-08-16 03:00,24,,2,48,,,2207,12.2611111111111
CGS,XING DONG 88,Simon Shi,CNSHA,"Shanghai, CN",,2617W,2026-05-01 07:24,2026-05-03 18:00,2026-05-04 01:30,7.5,,5,53.6,,,875,11.5894039735099
CGS,XING DONG 88,Simon Shi,CNNAS,"Nansha, CN",,,2026-05-07 10:00,2026-05-07 13:00,2026-05-07 23:24,10.4,,3,0,,,4805,11.2899436090226
CGS,XING DONG 88,Simon Shi,AEKLF,"Khalifa, AE",,2617E,2026-05-26 15:00,2026-05-26 17:00,2026-05-28 17:00,48,,2,0,,,5540,11.3524590163934
CGS,XING DONG 88,Simon Shi,CNSHA,"Shanghai, CN",,2622W,2026-06-18 03:00,2026-06-18 08:00,2026-06-18 19:00,11,,5,0,,,,
CGX,CUL HOCHIMINH,Jim Liang,CNSHA,"Shanghai, CN",,2620W,2026-05-12 10:00,2026-05-14 22:00,2026-05-15 08:00,10,,5,55,,,150,11.5384615384615
CGX,CUL HOCHIMINH,Jim Liang,CNNGB,"Ningbo, CN",,,2026-05-15 21:00,2026-05-17 05:00,2026-05-17 17:00,12,,2,30,,,748,12.4666666666667
CGX,CUL HOCHIMINH,Jim Liang,CNNAS,"Nansha, CN",,,2026-05-20 05:00,2026-05-20 08:00,2026-05-20 20:00,12,,3,0,,,70,10
CGX,CUL HOCHIMINH,Jim Liang,CNSHK,"Hong Kong, CN",,,2026-05-21 03:00,2026-05-21 05:00,2026-05-21 17:00,12,,2,0,,,1654,11.9855072463768
CGX,CUL HOCHIMINH,Jim Liang,MYPKG,"Penang, MY",,,2026-05-27 11:00,2026-05-27 13:00,2026-05-28 01:00,12,,2,0,,,2760,12
CGX,CUL HOCHIMINH,Jim Liang,PKKHI,"Karachi, PK",,2620E,2026-06-06 15:00,2026-06-06 17:00,2026-06-07 17:00,24,,2,0,,,646,11.962962962963
CGX,CUL HOCHIMINH,Jim Liang,AEKLF,"Khalifa, AE",,,2026-06-09 23:00,2026-06-10 01:00,2026-06-11 01:00,24,,2,0,,,5544,12.0521739130435
CGX,CUL HOCHIMINH,Jim Liang,CNSHA,"Shanghai, CN",,,2026-06-30 05:00,2026-06-30 10:00,2026-06-30 22:00,12,,5,0,,,,
CGX,BZ CHONGFU,Simon Shi,MYPKG,"Penang, MY",,2616E,2026-05-09 00:36,2026-05-09 02:36,2026-05-11 13:00,58.4,,2,0,,,2712,12.6139534883721
CGX,BZ CHONGFU,Simon Shi,CNTAO,"Qingdao, CN",,2621W,2026-05-20 12:00,2026-05-20 14:00,2026-05-21 08:00,18,,2,0,,,364,14
CGX,BZ CHONGFU,Simon Shi,CNSHA,"Shanghai, CN",,,2026-05-22 10:00,2026-05-22 15:00,2026-05-23 04:00,13,,5,0,,,141,9.4
CGX,BZ CHONGFU,Simon Shi,CNNGB,"Ningbo, CN",,,2026-05-23 19:00,2026-05-23 22:00,2026-05-24 16:00,18,,3,0,,,719,14.38
CGX,BZ CHONGFU,Simon Shi,CNSHK,"Hong Kong, CN",,,2026-05-26 18:00,2026-05-26 21:00,2026-05-27 15:00,18,,3,0,,,20,5
CGX,BZ CHONGFU,Simon Shi,CNNSA,"Nansha, CN",,,2026-05-27 19:00,2026-05-27 22:00,2026-05-28 16:00,18,,3,0,,,1641,15.6285714285714
CGX,BZ CHONGFU,Simon Shi,MYPKG,"Penang, MY",,,2026-06-02 01:00,2026-06-02 03:00,2026-06-02 15:00,12,,2,0,,,4793,15.9766666666667
CGX,BZ CHONGFU,Simon Shi,EGSOK,"Sokhna, EG",,2621E,2026-06-15 03:00,2026-06-15 05:00,2026-06-16 11:00,30,,2,0,,,624,14.8571428571429
CGX,BZ CHONGFU,Simon Shi,SAJED,"Jeddah, SA",,,2026-06-18 05:00,2026-06-18 07:00,2026-06-19 13:00,30,,2,0,,,6871,15.9790697674419
CGX,BZ CHONGFU,Simon Shi,CNTAO,"Qingdao, CN",,2627W,2026-07-07 11:00,2026-07-07 13:00,2026-07-08 13:00,24,,2,0,,,2207,12.2611111111111
RES,ZHONG GU ZHU HAI,Han Yang,CNSHA,"Shanghai, CN",WED - THU,2619W,2026-05-06 16:36,2026-05-09 02:12,2026-05-09 12:48,10.6,Delay 13.6h,5,52.6,2026-05-06 08:00,2026-05-07 08:00,115,7.46753246753247
RES,ZHONG GU ZHU HAI,Han Yang,CNNGB,"Ningbo, CN",THU - SAT,,2026-05-10 09:12,2026-05-10 17:18,2026-05-11 12:30,19.2,Delay 62.2h,3,5.1,2026-05-07 22:00,2026-05-09 10:00,748,11.5968992248062
RES,ZHONG GU ZHU HAI,Han Yang,CNNAS,"Nansha, CN",MON - WED,,2026-05-14 08:00,2026-05-14 11:00,2026-05-15 09:00,22,Delay 50h,3,0,2026-05-12 09:00,2026-05-13 21:00,5858,12.8183807439825
RES,ZHONG GU ZHU HAI,Han Yang,SAJED,"Jeddah, SA",MON - TUE,2619E,2026-06-03 13:00,2026-06-03 14:00,2026-06-04 14:00,24,Delay 50h,1,0,2026-06-01 12:00,2026-06-02 12:00,572,12.7111111111111
RES,ZHONG GU ZHU HAI,Han Yang,JOAQJ,"Aqaba, JO",THU - FRI,,2026-06-06 12:00,2026-06-06 14:00,2026-06-07 14:00,24,Delay 50h,2,0,2026-06-04 12:00,2026-06-05 12:00,292,12.695652173913
RES,ZHONG GU ZHU HAI,Han Yang,EGSOK,"Sokhna, EG",SAT - SUN,,2026-06-08 15:00,2026-06-08 17:00,2026-06-09 17:00,24,Delay 50h,2,0,2026-06-06 15:00,2026-06-07 15:00,7184,12.8745519713262
RES,ZHONG GU ZHU HAI,Han Yang,CNSHA,"Shanghai, CN",WED - THU,2627W,2026-07-03 01:00,2026-07-03 06:00,2026-07-04 06:00,24,Delay 70h,5,0,2026-06-30 08:00,2026-07-01 08:00,115,12.7777777777778
GTS,KR TASMAN,Hardy Hou,OMSOH,"Sohar, OM",,2617E,2026-05-08 05:00,2026-05-09 05:06,2026-05-09 23:06,18,,2,22.1,,,2100,16.0427807486631
GTS,KR TASMAN,Hardy Hou,SAJED,"Jeddah, SA",,,2026-05-15 10:00,2026-05-15 12:00,2026-05-16 06:00,18,,2,0,,,2350,13.9880952380952
GTS,KR TASMAN,Hardy Hou,INMUN,"Mundra, IN",,2621W,2026-05-23 06:00,2026-05-26 08:00,2026-05-27 02:00,18,,2,72,,,2350,13.9880952380952
GTS,KR TASMAN,Hardy Hou,SAJED,"Jeddah, SA",,2621E,2026-06-03 02:00,2026-06-03 04:00,2026-06-03 22:00,18,,2,0,,,2350,13.9880952380952
GTS,KR TASMAN,Hardy Hou,INMUN,"Mundra, IN",,,2026-06-10 22:00,2026-06-14 00:00,2026-06-14 13:18,13.3,,2,72,,,750,4.46428571428571
HLX,ZHONG GU YIN CHUAN,Jim Liang,THLCH,"Laem Chabang, TH",,2626W,2026-06-19 21:00,2026-06-26 23:00,2026-06-28 23:00,48,Ahead 168h,2,168,2026-06-26 23:00,2026-06-28 23:00,800,10.958904109589
HLX,ZHONG GU YIN CHUAN,Jim Liang,SGSIN,"Singapore, SG",,,2026-07-02 00:00,2026-07-02 02:00,2026-07-03 03:00,25,On schedule,2,0,2026-07-02 02:00,2026-07-03 03:00,201,6.59016393442623
HLX,ZHONG GU YIN CHUAN,Jim Liang,MYPKG,"Penang, MY",,,2026-07-04 09:30,2026-07-04 11:30,2026-07-05 09:30,22,On schedule,2,0,2026-07-04 11:30,2026-07-05 09:30,2236,13.5105740181269
HLX,ZHONG GU YIN CHUAN,Jim Liang,INNSA,"Nhava Sheva, IN",,2626E,2026-07-12 07:00,2026-07-12 09:00,2026-07-13 09:00,24,On schedule,2,0,2026-07-12 09:00,2026-07-13 09:00,386,13.0847457627119
HLX,ZHONG GU YIN CHUAN,Jim Liang,INMUN,"Mundra, IN",,,2026-07-14 14:30,2026-07-14 16:30,2026-07-15 16:30,24,On schedule,2,0,2026-07-14 16:30,2026-07-15 16:30,230,15.8620689655172
HLX,ZHONG GU YIN CHUAN,Jim Liang,PKKHI,"Karachi, PK",,,2026-07-16 07:00,2026-07-16 09:00,2026-07-17 13:00,28,On schedule,2,0,2026-07-16 09:00,2026-07-17 13:00,2770,13.9195979899498
HLX,ZHONG GU YIN CHUAN,Jim Liang,MYPKG,"Penang, MY",,,2026-07-25 20:00,2026-07-25 22:00,2026-07-27 23:00,49,On schedule,2,0,2026-07-25 22:00,2026-07-27 23:00,205,31.5384615384615
HLX,ZHONG GU YIN CHUAN,Jim Liang,SGSIN,"Singapore, SG",,,2026-07-28 05:30,2026-07-28 07:30,2026-07-29 13:30,30,On schedule,2,0,2026-07-28 07:30,2026-07-29 13:30,800,14.4144144144144
HLX,ZHONG GU YIN CHUAN,Jim Liang,THLCH,"Laem Chabang, TH",,2631W,2026-07-31 21:00,2026-07-31 23:00,2026-08-01 23:00,24,On schedule,2,0,2026-07-31 23:00,2026-08-01 23:00,2549,13.8532608695652
AEM,CUL SHEKOU,Javier Tao,TRALI,"Aliaga, TR",MON 1800 - WED 0500,2612E,2026-04-25 16:30,2026-04-25 18:30,2026-04-26 10:42,16.2,Delay 118.5h,2,0,2026-04-20 18:00,2026-04-22 05:00,251,10.7725321888412
AEM,CUL SHEKOU,Javier Tao,TRIST,"Istanbul, TR",THU 1100 - FRI 2200,,2026-04-27 10:00,2026-04-27 15:00,2026-04-28 19:48,28.8,Delay 95h,2,3,2026-04-23 11:00,2026-04-24 22:00,798,11.2078651685393
AEM,CUL SHEKOU,Javier Tao,TRMER,"Mersin, TR",TUE 0000 - TUE 1200,,2026-05-01 19:00,2026-05-02 12:54,2026-05-03 10:06,21.2,Delay 91h,2,15.9,2026-04-28 00:00,2026-04-28 12:00,453,13.3628318584071
AEM,CUL SHEKOU,Javier Tao,EGSUE,"Suez, EG",WED 2100 - THU 0900,,2026-05-04 20:00,2026-05-05 04:00,2026-05-05 16:00,12,Delay 119h,0,8,2026-04-29 21:00,2026-04-30 09:00,630,11.8867924528302
AEM,CUL SHEKOU,Javier Tao,SAJED(DPW),"Jeddah DPW, SA",SAT 1600 - SUN 0000,,OMIT,OMIT,OMIT,8,,2,0,2026-05-02 16:00,2026-05-03 00:00,50,12.5
AEM,CUL SHEKOU,Javier Tao,SAJED(RSGT),"Jeddah RSGT, SA",SAT 0400 - SUN 2300,,2026-05-07 21:00,2026-05-09 16:00,2026-05-11 23:42,55.7,Delay 113h,0,43,2026-05-03 04:00,2026-05-03 23:00,4168,14.259322613753
AEM,CUL SHEKOU,Javier Tao,MYPKG,"Penang, MY",SUN 1100 - MON 0100,,2026-05-24 04:00,2026-05-24 18:00,2026-05-25 08:00,14,Delay 161h,2,12,2026-05-17 11:00,2026-05-18 01:00,2697,13.9020618556701
AEM,CUL SHEKOU,Javier Tao,CNTAO,"Qingdao, CN",TUE 1200 - WED 0000,2623W,2026-06-02 10:00,2026-06-02 12:00,2026-06-03 00:00,12,On schedule,2,0,2026-06-02 12:00,2026-06-03 00:00,359,8.34883720930233
AEM,CUL SHEKOU,Javier Tao,CNSHA,"Shanghai, CN",FRI 0000 - FRI 1200,,2026-06-04 19:00,2026-06-05 00:00,2026-06-05 12:00,12,On schedule,5,0,2026-06-05 00:00,2026-06-05 12:00,157,4.48571428571429
AEM,CUL SHEKOU,Javier Tao,CNNGB,"Ningbo, CN",SUN 0200 - SUN 1400,,2026-06-06 23:00,2026-06-07 02:00,2026-06-07 14:00,12,On schedule,3,0,2026-06-07 02:00,2026-06-07 14:00,780,12
AEM,CUL SHEKOU,Javier Tao,CNNAS,"Nansha, CN",WED 1000 - WED 2200,,2026-06-10 07:00,2026-06-10 10:00,2026-06-10 22:00,12,On schedule,3,0,2026-06-10 10:00,2026-06-10 22:00,5853,13.0647321428571
AEM,CUL SHEKOU,Javier Tao,SAJED,"Jeddah, SA",MON 1600 - TUE 0500,,2026-06-29 14:00,2026-06-29 16:00,2026-06-30 05:00,13,On schedule,2,0,2026-06-29 16:00,2026-06-30 05:00,630,9.84375
AEM,CUL SHEKOU,Javier Tao,EGSUE,"Suez, EG",THU 2100 - FRI 0900,,2026-07-02 21:00,2026-07-02 21:00,2026-07-03 09:00,12,On schedule,0,0,2026-07-02 21:00,2026-07-03 09:00,158,5.09677419354839
AEM,CUL SHEKOU,Javier Tao,EGALY,"Alexandria, EG",SAT 1800 - SUN 0000,,2026-07-04 16:00,2026-07-04 18:00,2026-07-05 00:00,6,On schedule,2,0,2026-07-04 18:00,2026-07-05 00:00,554,13.85
AEM,CUL SHEKOU,Javier Tao,TRALI,"Aliaga, TR",MON 1800 - WED 0500,2623E,2026-07-06 16:00,2026-07-06 18:00,2026-07-08 05:00,35,On schedule,2,0,2026-07-06 18:00,2026-07-08 05:00,251,8.96428571428572
AEM,CUL SHEKOU,Javier Tao,TRIST,"Istanbul, TR",THU 1100 - FRI 2200,,2026-07-09 09:00,2026-07-09 11:00,2026-07-10 22:00,35,On schedule,2,0,2026-07-09 11:00,2026-07-10 22:00,798,11.0833333333333
AEM,CUL SHEKOU,Javier Tao,TRMER,"Mersin, TR",TUE 0000 - TUE 1200,,2026-07-13 22:00,2026-07-14 00:00,2026-07-14 12:00,12,On schedule,2,0,2026-07-14 00:00,2026-07-14 12:00,453,13.7272727272727
AEM,CUL SHEKOU,Javier Tao,EGSUE,"Suez, EG",WED 2100 - THU 0900,,2026-07-15 21:00,2026-07-15 21:00,2026-07-16 09:00,12,On schedule,0,0,2026-07-15 21:00,2026-07-16 09:00,630,11.8867924528302
AEM,CUL SHEKOU,Javier Tao,SAJED(DPW),"Jeddah DPW, SA",SAT 1600 - SUN 0000,,2026-07-18 14:00,2026-07-18 16:00,2026-07-19 00:00,8,On schedule,2,0,2026-07-18 16:00,2026-07-19 00:00,50,12.5
AEM,CUL SHEKOU,Javier Tao,SAJED(RSGT),"Jeddah RSGT, SA",SAT 0400 - SUN 2300,,2026-07-19 04:00,2026-07-19 04:00,2026-07-19 23:00,19,On schedule,0,0,2026-07-19 04:00,2026-07-19 23:00,4168,12.944099378882
AEM,CUL SHEKOU,Javier Tao,MYPKG,"Penang, MY",SUN 1100 - MON 0100,,2026-08-02 09:00,2026-08-02 11:00,2026-08-03 01:00,14,On schedule,2,0,2026-08-02 11:00,2026-08-03 01:00,2697,13.4179104477612
AEM,CUL SHEKOU,Javier Tao,CNTAO,"Qingdao, CN",TUE 1200 - WED 0000,,2026-08-11 10:00,2026-08-11 12:00,2026-08-12 00:00,12,On schedule,2,0,2026-08-11 12:00,2026-08-12 00:00,359,8.34883720930233
AEM,CUL KLANG,Jim Liang,CNTAO,"Qingdao, CN",TUE 1200 - WEN 0000,2625W,2026-06-07 08:00,2026-06-08 16:00,2026-06-09 04:00,12,Ahead 50h,2,30,2026-06-09 12:00,2026-06-10 00:00,360,12
AEM,CUL KLANG,Jim Liang,CNSHA,"Shanghai, CN",FRI 0000 - FRI 1200,,2026-06-10 10:00,2026-06-10 15:00,2026-06-11 03:00,12,Ahead 33h,5,0,2026-06-12 00:00,2026-06-12 12:00,150,12.5
AEM,CUL KLANG,Jim Liang,CNNGB,"Ningbo, CN",SUN 0200 - SUN 1400,,2026-06-11 15:00,2026-06-11 17:00,2026-06-12 05:00,12,Ahead 57h,2,0,2026-06-14 02:00,2026-06-14 14:00,760,11.875
AEM,CUL KLANG,Jim Liang,CNNAS,"Nansha, CN",WED 1000 - WED 2200,,2026-06-14 21:00,2026-06-15 00:00,2026-06-15 12:00,12,Ahead 58h,3,0,2026-06-17 10:00,2026-06-17 22:00,5900,12.0408163265306
AEM,CUL KLANG,Jim Liang,SAJED,"Jeddah, SA",MON 1600 - TUE 0500,,2026-07-05 22:00,2026-07-06 00:00,2026-07-06 13:00,13,Ahead 16h,2,0,2026-07-06 16:00,2026-07-07 05:00,650,11.2068965517241
AEM,CUL KLANG,Jim Liang,EGSUE,"Suez, EG",THU 2100 - FRI 0900,,2026-07-08 23:00,2026-07-09 04:00,2026-07-09 16:00,12,Ahead 22h,0,5,2026-07-09 21:00,2026-07-10 09:00,170,12.1428571428571
AEM,CUL KLANG,Jim Liang,EGALY,"Alexandria, EG",SAT 1800 - SUN 0000,,2026-07-10 06:00,2026-07-10 08:00,2026-07-10 14:00,6,Ahead 34h,2,0,2026-07-11 18:00,2026-07-12 00:00,554,12.0434782608696
AEM,CUL KLANG,Jim Liang,TRALI,"Aliaga, TR",MON 1800 - WED 0500,2625E,2026-07-12 12:00,2026-07-12 14:00,2026-07-14 01:00,35,Ahead 28h,2,0,2026-07-13 18:00,2026-07-15 05:00,251,11.952380952381
AEM,CUL KLANG,Jim Liang,TRIST,"Istanbul, TR",THU 1100 - FRI 2200,,2026-07-14 22:00,2026-07-15 00:00,2026-07-16 11:00,35,Ahead 35h,2,0,2026-07-16 11:00,2026-07-17 22:00,798,11.910447761194
AEM,CUL KLANG,Jim Liang,TRMER,"Mersin, TR",TUE 0000 - TUE 1200,,2026-07-19 06:00,2026-07-19 08:00,2026-07-19 20:00,12,Ahead 40h,2,0,2026-07-21 00:00,2026-07-21 12:00,453,16.7777777777778
AEM,CUL KLANG,Jim Liang,EGSUE,"Suez, EG",WEN 2100 - THU 0900,,2026-07-20 23:00,2026-07-21 04:00,2026-07-21 16:00,12,Ahead 46h,0,5,2026-07-22 21:00,2026-07-23 09:00,636,12
AEM,CUL KLANG,Jim Liang,SAJED(DPW),"Jeddah DPW, SA",SAT 1600 - SUN 0000,,2026-07-23 21:00,2026-07-23 23:00,2026-07-24 07:00,8,Ahead 41h,2,0,2026-07-25 16:00,2026-07-26 00:00,10,2.5
AEM,CUL KLANG,Jim Liang,SAJED(RSGT),"Jeddah RSGT, SA",SUN 0400 - SUN 2300,,2026-07-24 11:00,2026-07-24 11:00,2026-07-25 06:00,19,Ahead 41h,0,0,2026-07-26 04:00,2026-07-26 23:00,4168,12.0462427745665
AEM,CUL KLANG,Jim Liang,MYPKG,"Penang, MY",SUN 1100 - MON 0100,,2026-08-08 16:00,2026-08-08 18:00,2026-08-09 08:00,14,Ahead 17h,2,0,2026-08-09 11:00,2026-08-10 01:00,2697,11.9866666666667
AEM,CUL KLANG,Jim Liang,CNTAO,"Qingdao, CN",TUE 1200 - WEN 0000,,2026-08-18 17:00,2026-08-18 19:00,2026-08-19 07:00,12,Delay 7h,2,0,2026-08-18 12:00,2026-08-19 00:00,360,12
AEM,CUL HOCHIMINH,Jim Liang,TRALI,"Aliaga, TR",MON 1800 - WED 0500,2608E,2026-03-25 13:00,2026-03-25 15:00,2026-03-26 03:00,12,Delay 45h,2,0,2026-03-23 18:00,2026-03-25 05:00,251,14.7647058823529
AEM,CUL HOCHIMINH,Jim Liang,TRIST,"Istanbul, TR",THU 1100 - FRI 2200,,2026-03-26 20:00,2026-03-30 13:00,2026-04-06 14:00,169,Delay 11h,2,87,2026-03-26 11:00,2026-03-27 22:00,798,11.7352941176471
AEM,CUL HOCHIMINH,Jim Liang,TRMER,"Mersin, TR",TUE 0000 - TUE 1200,,2026-04-09 10:00,2026-04-09 18:00,2026-04-10 23:00,29,Delay 228h,2,6,2026-03-31 00:00,2026-03-31 12:00,453,11.9210526315789
AEM,CUL HOCHIMINH,Jim Liang,EGSUE,"Suez, EG",WEN 2100 - THU 0900,,2026-04-12 13:00,2026-04-13 04:00,2026-04-13 16:00,12,Delay 256h,0,15,2026-04-01 21:00,2026-04-02 09:00,636,12.72
AEM,CUL HOCHIMINH,Jim Liang,SAJED(DPW),"Jeddah DPW, SA",SAT 1600 - SUN 0000,,2026-04-15 18:00,2026-04-15 22:00,2026-04-16 17:00,19,Delay 268h,2,2,2026-04-04 16:00,2026-04-05 00:00,10,10
AEM,CUL HOCHIMINH,Jim Liang,SAJED(RSGT),"Jeddah RSGT, SA",SUN 0400 - SUN 2300,,2026-04-16 18:00,2026-04-16 18:00,2026-04-17 20:00,26,Delay 278h,0,0,2026-04-05 04:00,2026-04-05 23:00,4168,11.9598278335725
AEM,CUL HOCHIMINH,Jim Liang,MYPKG,"Penang, MY",SUN 1100 - MON 0100,,2026-05-02 08:30,2026-05-02 10:30,2026-05-03 14:00,27.5,Delay 311.5h,2,0,2026-04-19 11:00,2026-04-20 01:00,2435,11.4858490566038
AEM,CUL HOCHIMINH,Jim Liang,CNTAO,"Qingdao, CN",,OMIT,,,,,,2,0,,,,
AEM,CUL HOCHIMINH,Jim Liang,CNSHA,"Shanghai, CN",,,2026-05-12 10:00,2026-05-14 22:00,2026-05-15 08:00,10,,5,55,,,150,11.5384615384615
AEM,CUL HOCHIMINH,Jim Liang,CNNGB,"Ningbo, CN",,,2026-05-15 21:00,2026-05-17 05:00,2026-05-17 17:00,12,,2,30,,,748,12.4666666666667
AEM,CUL HOCHIMINH,Jim Liang,CNNAS,"Nansha, CN",,,2026-05-20 05:00,2026-05-20 08:00,2026-05-20 20:00,12,,3,0,,,,
AEM,ZHONG GU NAN CHANG,Javier Tao,MYPKG,"Penang, MY",,2616W,2026-05-09 08:00,2026-05-10 11:18,2026-05-12 00:24,37.1,,3,24.3,,,4168,14.1961852861035
AEM,ZHONG GU NAN CHANG,Javier Tao,SAJED,"Jeddah, SA",MON 1600 - TUE 0500,,2026-05-24 06:00,2026-05-24 08:00,2026-05-25 02:00,18,Delay 304h,2,0,2026-05-11 16:00,2026-05-12 05:00,650,14.4444444444444
AEM,ZHONG GU NAN CHANG,Javier Tao,EGSUE,"Suez, EG",THU 2100 - FRI 0900,,2026-05-26 23:00,2026-05-27 04:00,2026-05-27 16:00,12,Delay 290h,0,5,2026-05-14 21:00,2026-05-15 09:00,170,9.44444444444445
AEM,ZHONG GU NAN CHANG,Javier Tao,EGALY,"Alexandria, EG",SAT 1800 - SUN 0000,,2026-05-28 10:00,2026-05-28 12:00,2026-05-28 18:00,6,Delay 282h,2,0,2026-05-16 18:00,2026-05-17 00:00,554,14.2051282051282
AEM,ZHONG GU NAN CHANG,Javier Tao,TRALI,"Aliaga, TR",MON 1800 - WED 0500,2616E,2026-05-30 09:00,2026-05-30 11:00,2026-05-31 22:00,35,Delay 281h,2,0,2026-05-18 18:00,2026-05-20 05:00,251,12.55
AEM,ZHONG GU NAN CHANG,Javier Tao,TRIST,"Istanbul, TR",THU 1100 - FRI 2200,,2026-06-01 18:00,2026-06-01 20:00,2026-06-03 07:00,35,Delay 273h,2,0,2026-05-21 11:00,2026-05-22 22:00,50,12.5
AEM,ZHONG GU NAN CHANG,Javier Tao,TRMER,"Mersin, TR",TUE 0000 - TUE 1200,,2026-06-06 23:00,2026-06-07 01:00,2026-06-07 13:00,12,Delay 289h,2,0,2026-05-26 00:00,2026-05-26 12:00,453,13.3235294117647
AEM,ZHONG GU NAN CHANG,Javier Tao,EGSUE,"Suez, EG",WEN 2100 - THU 0900,,2026-06-08 23:00,2026-06-09 04:00,2026-06-09 16:00,12,Delay 290h,0,5,2026-05-27 21:00,2026-05-28 09:00,636,14.1333333333333
AEM,ZHONG GU NAN CHANG,Javier Tao,SAJED(DPW),"Jeddah DPW, SA",SAT 1600 - SUN 0000,,OMIT,OMIT,OMIT,8,,2,0,2026-05-30 16:00,2026-05-31 00:00,10,2.5
AEM,ZHONG GU NAN CHANG,Javier Tao,SAJED(RSGT),"Jeddah RSGT, SA",SUN 0400 - SUN 2300,,2026-06-11 13:00,2026-06-11 15:00,2026-06-12 15:00,24,Delay 275h,2,0,2026-05-31 04:00,2026-05-31 23:00,4168,14.3724137931035
AEM,ZHONG GU NAN CHANG,Javier Tao,MYPKG,"Penang, MY",SUN 1100 - MON 0100,,2026-06-24 17:00,2026-06-24 20:00,2026-06-25 10:00,14,Delay 249h,3,0,2026-06-14 11:00,2026-06-15 01:00,2697,14.4224598930481
AEM,ZHONG GU NAN CHANG,Javier Tao,CNTAO,"Qingdao, CN",TUE 1200 - WEN 0000,,2026-07-03 05:00,2026-07-03 07:00,2026-07-03 19:00,12,Delay 67h,2,0,2026-06-30 12:00,2026-07-01 00:00,360,3.6
AEM,ZHONG GU CHENG DU,Hardy Hou,MYPKG,"Penang, MY",,,2026-05-09 21:00,2026-05-10 21:18,2026-05-11 16:00,18.7,,2,22.3,,,2697,14.3457446808511
AEM,ZHONG GU CHENG DU,Hardy Hou,CNTAO,"Qingdao, CN",TUE 1200 - WEN 0000,2619W,2026-05-19 19:00,2026-05-19 21:00,2026-05-20 16:00,19,Delay 9h,2,0,2026-05-19 12:00,2026-05-20 00:00,360,13.3333333333333
AEM,ZHONG GU CHENG DU,Hardy Hou,CNSHA,"Shanghai, CN",FRI 0000 - FRI 1200,,2026-05-21 19:00,2026-05-22 00:00,2026-05-22 12:00,12,On schedule,5,0,2026-05-22 00:00,2026-05-22 12:00,150,4.16666666666667
AEM,ZHONG GU CHENG DU,Hardy Hou,CNNGB,"Ningbo, CN",SUN 0200 - SUN 1400,,2026-05-24 00:00,2026-05-24 02:00,2026-05-24 14:00,12,On schedule,2,0,2026-05-24 02:00,2026-05-24 14:00,760,11.6923076923077
AEM,ZHONG GU CHENG DU,Hardy Hou,CNNAS,"Nansha, CN",WED 1000 - WED 2200,,2026-05-27 07:00,2026-05-27 10:00,2026-05-27 22:00,12,On schedule,3,0,2026-05-27 10:00,2026-05-27 22:00,5900,13.1696428571429
AEM,ZHONG GU CHENG DU,Hardy Hou,SAJED,"Jeddah, SA",MON 1600 - TUE 0500,,2026-06-15 14:00,2026-06-15 16:00,2026-06-16 05:00,13,On schedule,2,0,2026-06-15 16:00,2026-06-16 05:00,650,9.84848484848485
AEM,ZHONG GU CHENG DU,Hardy Hou,EGSUE,"Suez, EG",THU 2100 - FRI 0900,,2026-06-18 23:00,2026-06-19 04:00,2026-06-19 16:00,12,Delay 2h,0,5,2026-06-18 21:00,2026-06-19 09:00,170,7.08333333333333
AEM,ZHONG GU CHENG DU,Hardy Hou,EGALY,"Alexandria, EG",SAT 1800 - SUN 0000,,2026-06-20 16:00,2026-06-20 18:00,2026-06-21 00:00,6,On schedule,2,0,2026-06-20 18:00,2026-06-21 00:00,554,13.85
AEM,ZHONG GU CHENG DU,Hardy Hou,TRALI,"Aliaga, TR",MON 1800 - WED 0500,2619E,2026-06-22 16:00,2026-06-22 18:00,2026-06-24 05:00,35,On schedule,2,0,2026-06-22 18:00,2026-06-24 05:00,251,8.96428571428571
AEM,ZHONG GU CHENG DU,Hardy Hou,TRIST,"Istanbul, TR",THU 1100 - FRI 2200,,2026-06-25 09:00,2026-06-25 11:00,2026-06-26 22:00,35,On schedule,2,0,2026-06-25 11:00,2026-06-26 22:00,798,11.0833333333333
AEM,ZHONG GU CHENG DU,Hardy Hou,TRMER,"Mersin, TR",TUE 0000 - TUE 1200,,2026-06-29 22:00,2026-06-30 00:00,2026-06-30 12:00,12,On schedule,2,0,2026-06-30 00:00,2026-06-30 12:00,453,12.9428571428571
AEM,ZHONG GU CHENG DU,Hardy Hou,EGSUE,"Suez, EG",WEN 2100 - THU 0900,,2026-07-01 23:00,2026-07-02 04:00,2026-07-02 16:00,12,Delay 2h,0,5,2026-07-01 21:00,2026-07-02 09:00,636,13.8260869565217
AEM,ZHONG GU CHENG DU,Hardy Hou,SAJED(DPW),"Jeddah DPW, SA",SAT 1600 - SUN 0000,,2026-07-04 14:00,2026-07-04 16:00,2026-07-05 00:00,8,On schedule,2,0,2026-07-04 16:00,2026-07-05 00:00,10,2.5
AEM,ZHONG GU CHENG DU,Hardy Hou,SAJED(RSGT),"Jeddah RSGT, SA",SUN 0400 - SUN 2300,,2026-07-05 04:00,2026-07-05 04:00,2026-07-05 23:00,19,On schedule,0,0,2026-07-05 04:00,2026-07-05 23:00,4168,12.944099378882
AEM,ZHONG GU CHENG DU,Hardy Hou,MYPKG,"Penang, MY",SUN 1100 - MON 0100,,2026-07-19 09:00,2026-07-19 11:00,2026-07-20 01:00,14,On schedule,2,0,2026-07-19 11:00,2026-07-20 01:00,2697,13.4179104477612
AEM,ZHONG GU CHENG DU,Hardy Hou,CNTAO,"Qingdao, CN",TUE 1200 - WEN 0000,,2026-07-28 10:00,2026-07-28 12:00,2026-07-29 00:00,12,On schedule,2,0,2026-07-28 12:00,2026-07-29 00:00,360,3.6
AEM,SHENG TANG,Leah Liu,CNTAO,"Qingdao, CN",,2620W,2026-05-13 18:00,2026-05-18 19:00,2026-05-19 12:00,17,,2,119,,,387,14.9
AEM,SHENG TANG,Leah Liu,CNSHA,"Shanghai, CN",,2620W,2026-05-20 14:00,2026-05-20 19:00,2026-05-21 19:00,24,,5,0,,,147,14.7
AEM,SHENG TANG,Leah Liu,CNNGB,"Ningbo, CN",,2620W,2026-05-22 05:00,2026-05-22 08:00,2026-05-23 08:00,24,,3,0,,,754,14.8
AEM,SHENG TANG,Leah Liu,CNNAS,"Nansha, CN",,2620W,2026-05-25 11:00,2026-05-25 14:00,2026-05-26 14:00,24,,3,0,,,5853,14.6
AEM,SHENG TANG,Leah Liu,SAJED (RSGT),"Jeddah RSGT, SA",,2620W,2026-06-12 06:00,2026-06-12 08:00,2026-06-13 14:00,30,,2,0,,,644,11.9
AEM,SHENG TANG,Leah Liu,EGSUZ,"Suez, EG",,2620W,2026-06-15 20:00,2026-06-15 23:00,2026-06-16 11:00,12,,3,0,,,257,14.3
AEM,SHENG TANG,Leah Liu,EGALY,"Alexandria, EG",,2620W,2026-06-17 05:00,2026-06-17 07:00,2026-06-18 13:00,30,,2,0,,,554,15
AEM,SHENG TANG,Leah Liu,TRALI,"Aliaga, TR",,2620E,2026-06-20 02:00,2026-06-20 04:00,2026-06-21 10:00,30,,2,0,,,257,14.3
AEM,SHENG TANG,Leah Liu,TRIST,"Istanbul, TR",,2620E,2026-06-22 04:00,2026-06-22 06:00,2026-06-23 17:00,35,,2,0,,,798,14.8
AEM,SHENG TANG,Leah Liu,TRMER,"Mersin, TR",,2620E,2026-06-25 23:00,2026-06-26 01:00,2026-06-27 01:00,24,,2,0,,,453,10.5
AEM,SHENG TANG,Leah Liu,EGSUZ,"Suez, EG",,2620E,2026-06-28 20:00,2026-06-28 23:00,2026-06-29 23:00,24,,3,0,,,644,15
AEM,SHENG TANG,Leah Liu,SAJED (DPW),"Jeddah DPW, SA",,2620E,2026-07-01 18:00,2026-07-01 20:00,2026-07-02 16:00,20,,2,0,,,0,0
AEM,SHENG TANG,Leah Liu,SAJED (RSGT),"Jeddah RSGT, SA",,2620E,2026-07-02 21:00,2026-07-02 23:00,2026-07-04 05:00,30,,2,0,,,4216,15
AEM,SHENG TANG,Leah Liu,MYPKG,"Penang, MY",,2620E,2026-07-15 22:00,2026-07-16 00:00,2026-07-17 00:00,24,,2,0,,,2714,15
AEM,SHENG TANG,Leah Liu,CNTAO,"Qingdao, CN",,2621W,2026-07-24 13:00,2026-07-24 15:00,2026-07-25 15:00,24,,2,0,,,387,14.9
IMR,STAR BLESSING,Kevin Du,SAJED(RSGT),"Jeddah RSGT, SA",MON010:00-TUE04:00,2613E,2026-05-04 13:00,2026-05-06 19:48,2026-05-08 07:00,35.2,Delay 171h,2,52.8,2026-04-27 10:00,2026-04-28 04:00,701,10.2335766423358
IMR,STAR BLESSING,Kevin Du,SAJED(DPW),"Jeddah DPW, SA",TUE08:00-WED02:00,,OMIT,OMIT,OMIT,,,2,0,2026-04-28 08:00,2026-04-29 02:00,,
IMR,STAR BLESSING,Kevin Du,DJJIB(SGTD),"Djibouti, DJ",THU20:00-FRI20:00,,2026-05-11 07:24,2026-05-11 13:00,2026-05-12 02:54,13.9,Delay 227.4h,2,3.6,2026-05-01 20:00,2026-05-02 20:00,1801,13.1363967906638
IMR,STAR BLESSING,Kevin Du,INNSA,"Nhava Sheva, IN",FRI10:00-SAT03:00,2616W,2026-05-17 20:00,2026-05-17 22:00,2026-05-18 15:00,17,Delay 202h,2,0,2026-05-09 10:00,2026-05-10 03:00,465,14.53125
IMR,STAR BLESSING,Kevin Du,INMUN,"Mundra, IN",SUN12:00-MON00:00,,2026-05-19 23:00,2026-05-20 01:00,2026-05-20 13:00,12,Delay 203h,2,0,2026-05-11 12:00,2026-05-12 00:00,2281,14.25625
IMR,STAR BLESSING,Kevin Du,SAJED(RSGT),"Jeddah RSGT, SA",MON010:00-TUE04:00,2616E,2026-05-27 05:00,2026-05-27 07:00,2026-05-28 01:00,18,Delay 187h,2,0,2026-05-19 10:00,2026-05-20 04:00,20,10
IMR,STAR BLESSING,Kevin Du,SAJED(DPW),"Jeddah DPW, SA",TUE08:00-WED02:00,,2026-05-28 03:00,2026-05-28 05:00,2026-05-28 23:00,18,Delay 187h,2,0,2026-05-20 08:00,2026-05-21 02:00,701,14.6041666666667
IMR,STAR BLESSING,Kevin Du,DJJIB(SGTD),"Djibouti, DJ",THU20:00-FRI20:00,,2026-05-30 23:00,2026-05-31 01:00,2026-06-01 01:00,24,Delay 171h,2,0,2026-05-23 20:00,2026-05-24 20:00,1801,14.7622950819672
IMR,STAR BLESSING,Kevin Du,INNSA,"Nhava Sheva, IN",FRI10:00-SAT03:00,2619W,2026-06-06 03:00,2026-06-06 05:00,2026-06-06 22:00,17,Delay 137h,2,0,2026-05-31 10:00,2026-06-01 03:00,465,14.53125
IMR,STAR BLESSING,Kevin Du,INMUN,"Mundra, IN",SUN12:00-MON00:00,,2026-06-08 06:00,2026-06-08 08:00,2026-06-08 20:00,12,Delay 138h,2,0,2026-06-02 12:00,2026-06-03 00:00,2281,12.9602272727273
IMR,STAR BLESSING,Kevin Du,SAJED(RSGT),"Jeddah RSGT, SA",MON010:00-TUE04:00,2619E,2026-06-16 04:00,2026-06-16 06:00,2026-06-17 00:00,18,Delay 138h,2,0,2026-06-10 10:00,2026-06-11 04:00,20,10
IMR,STAR BLESSING,Kevin Du,SAJED(DPW),"Jeddah DPW, SA",TUE08:00-WED02:00,,2026-06-17 02:00,2026-06-17 04:00,2026-06-17 22:00,18,Delay 138h,2,0,2026-06-11 08:00,2026-06-12 02:00,701,14.6041666666667
IMR,STAR BLESSING,Kevin Du,DJJIB(SGTD),"Djibouti, DJ",THU20:00-FRI20:00,,2026-06-19 22:00,2026-06-20 00:00,2026-06-21 00:00,24,Delay 122h,2,0,2026-06-14 20:00,2026-06-15 20:00,1801,13.8538461538462
SJA,SUNNY 68,Hardy Hou,YEADE,"Yenikapi, TR",,2512N,2026-05-19 17:00,2026-05-19 19:00,2026-05-22 07:00,60,,2,0,,,720,10
SJA,SUNNY 68,Hardy Hou,SAJED,"Jeddah, SA",,2614S,2026-05-25 07:00,2026-05-25 09:00,2026-05-26 03:00,18,,2,0,,,640,10
SJA,SUNNY 68,Hardy Hou,EGSOK,"Sokhna, EG",,,2026-05-28 19:00,2026-05-28 21:00,2026-05-29 21:00,24,,2,0,,,640,10
SJA,SUNNY 68,Hardy Hou,SAJED,"Jeddah, SA",,,2026-06-01 13:00,2026-06-01 15:00,2026-06-02 09:00,18,,2,0,,,720,10
SJA,SUNNY 68,Hardy Hou,YEADE,"Yenikapi, TR",,2614N,2026-06-05 09:00,2026-06-05 11:00,2026-06-07 23:00,60,,2,0,,,720,10
SJA,SUNNY 68,Hardy Hou,SAJED,"Jeddah, SA",,,2026-06-10 23:00,2026-06-11 01:00,2026-06-11 19:00,18,,2,0,,,640,10
JPS,ZHONG LIAN SHAN TOU,Kevin Du,SAJED,"Jeddah, SA",,2621W,2026-05-02 12:00,2026-05-08 21:42,2026-05-10 10:54,37.2,,2,151.7,,,170,11.2582781456954
JPS,ZHONG LIAN SHAN TOU,Kevin Du,SDPZU,"Puzhou, CN",,2621E,2026-05-11 02:00,2026-05-11 15:12,2026-05-12 22:30,31.3,,2,11.2,,,170,12.1428571428571
JPS,ZHONG LIAN SHAN TOU,Kevin Du,SAJED,"Jeddah, SA",,2622W,2026-05-13 12:30,2026-05-18 12:00,2026-05-19 08:00,20,,2,117.5,,,170,12.1428571428571
JPS,ZHONG LIAN SHAN TOU,Kevin Du,SDPZU,"Puzhou, CN",,2622E,2026-05-19 22:00,2026-05-22 00:00,2026-05-24 12:00,60,,2,48,,,170,8.0952380952381
JPS,ZHONG LIAN SHAN TOU,Kevin Du,SAJED,"Jeddah, SA",,2623W,2026-05-25 09:00,2026-05-25 11:00,2026-05-26 07:00,20,,2,0,,,170,12.1428571428571
JPS,ZHONG LIAN SHAN TOU,Kevin Du,SDPZU,"Puzhou, CN",,2623E,2026-05-26 21:00,2026-05-28 23:00,2026-05-31 11:00,60,,2,48,,,170,8.0952380952381
JPS,ZHONG LIAN SHAN TOU,Kevin Du,SAJED,"Jeddah, SA",,2624W,2026-06-01 08:00,2026-06-01 10:00,2026-06-02 06:00,20,,2,0,,,170,12.1428571428571
JPS,ZHONG LIAN SHAN TOU,Kevin Du,SDPZU,"Puzhou, CN",,2624E,2026-06-02 20:00,2026-06-04 22:00,2026-06-07 10:00,60,,2,48,,,170,8.0952380952381
NAF,ASR,Hardy Hou,TRIST,"Istanbul, TR",,2620W,2026-05-18 11:00,2026-05-18 11:00,2026-05-19 02:00,15,,2,0,,,15,30
NAF,ASR,Hardy Hou,TRIZT,"Izmit, TR",,,2026-05-19 05:00,2026-05-19 07:00,2026-05-19 22:00,15,,2,0,,,15,337
NAF,ASR,Hardy Hou,TRALI,"Aliaga, TR",,,2026-05-21 04:00,2026-05-21 06:00,2026-05-22 07:00,25,,2,0,,,25,1250
NAF,ASR,Hardy Hou,DZALG,"Algiers, DZ",,2620E,2026-05-27 01:00,2026-05-30 03:00,2026-06-01 13:00,58,,2,72,,,58,1250
NAF,ASR,Hardy Hou,TRIST,"Istanbul, TR",,2621W,2026-06-06 07:00,2026-06-06 09:00,2026-06-07 00:00,15,,2,0,,,15,30
NAF,ASR,Hardy Hou,TRIZT,"Izmit, TR",,,2026-06-07 03:00,2026-06-07 05:00,2026-06-07 20:00,15,,2,0,,,15,337
NAF,ASR,Hardy Hou,TRALI,"Aliaga, TR",,,2026-06-09 06:00,2026-06-09 08:00,2026-06-10 09:00,25,,2,0,,,15,1250
NAF,ASR,Hardy Hou,DZALG,"Algiers, DZ",,2621E,2026-06-15 03:00,2026-06-18 05:00,2026-06-20 15:00,58,,2,72,,,72,1250
NAF,ASR,Hardy Hou,TRIST,"Istanbul, TR",,2622W,2026-06-25 09:00,2026-06-25 11:00,2026-06-26 02:00,15,,2,0,,,15,30
MES,MEDKON LIA,Kevin Du,LYMRA,"Mersin, TR",,2620E,2026-05-09 19:00,2026-05-09 19:54,2026-05-11 19:06,47.2,,0.9,0,,,876,10.6829268292683
MES,MEDKON LIA,Kevin Du,TRIST,"Istanbul, TR",,2621W,2026-05-17 10:00,2026-05-17 11:00,2026-05-18 10:00,23,,1,0,,,100,12.5
MES,MEDKON LIA,Kevin Du,TRIZT,"Izmit, TR",,,2026-05-18 18:00,2026-05-18 20:00,2026-05-19 16:00,20,,2,0,,,279,10.7307692307692
MES,MEDKON LIA,Kevin Du,TRALI,"Aliaga, TR",,,2026-05-20 18:00,2026-05-20 19:00,2026-05-21 13:00,18,,1,0,,,562,11.0196078431373
MES,MEDKON LIA,Kevin Du,LYBEN,"Benghazi, LY",,2621E,2026-05-23 16:00,2026-05-23 18:00,2026-05-25 06:00,36,,2,0,,,250,10.4166666666667
MES,MEDKON LIA,Kevin Du,LYMRA,"Mersin, TR",,,2026-05-26 06:00,2026-05-26 08:00,2026-05-27 08:00,24,,2,0,,,441,11.6052631578947
MES,MEDKON LIA,Kevin Du,TNRDS,"Rades, TN",,,2026-05-29 00:00,2026-05-29 02:00,2026-06-05 02:00,168,,2,0,,,1070,11.3829787234043
MES,MEDKON LIA,Kevin Du,TRIST,"Istanbul, TR",,2622W,2026-06-09 02:00,2026-06-09 04:00,2026-06-10 04:00,24,,2,0,,,100,12.5
